user_id,date,sleep_quality_0_100,sleep_class,screen_time_evening_min,screen_time_last_hour_min,social_media_last_hour_min,notifications_night,unlocks_last_hour,stress_0_10,mental_wellness_0_100,caffeine_after_14,day_type,bedtime_clock,wake_time_clock,age_band,work_mode,medication,sleep_disorder_flag
user_001,2024-01-01,52.72,3,216,35,13,29,13,5.64,57.36,1,workday,23:04,06:29,45-54,hybrid,0,1
user_001,2024-01-02,27.65,2,248,52,13,31,21,5.88,39.32,0,workday,23:53,05:48,45-54,hybrid,0,1
user_001,2024-01-03,57.34,3,158,41,24,18,17,5.69,52.7,0,workday,23:18,07:49,45-54,hybrid,0,1
user_001,2024-01-04,6.19,1,247,44,18,27,27,6.27,66.31,1,workday,00:00,07:20,45-54,hybrid,0,1
user_001,2024-01-05,35.0,2,263,55,17,36,30,5.15,45.5,0,workday,21:51,07:09,45-54,hybrid,0,1
user_001,2024-01-06,22.22,1,206,48,7,37,27,5.11,44.12,0,weekend,23:40,07:50,45-54,hybrid,0,1
user_001,2024-01-07,57.51,3,251,31,18,30,15,3.88,63.45,0,weekend,23:51,08:06,45-54,hybrid,0,1
user_001,2024-01-08,0.0,1,293,53,36,28,27,10.0,20.94,0,workday,23:14,06:20,45-54,hybrid,0,1
user_001,2024-01-09,36.96,2,238,47,23,32,26,5.42,57.98,0,workday,23:19,06:53,45-54,hybrid,0,1
user_001,2024-01-10,27.06,2,175,14,10,29,12,7.12,27.7,1,workday,22:40,07:38,45-54,hybrid,0,1
user_001,2024-01-11,32.97,2,175,31,22,27,14,3.46,43.85,0,workday,23:24,06:43,45-54,hybrid,0,1
user_001,2024-01-12,69.9,3,195,40,25,23,24,2.95,64.17,1,workday,22:54,07:10,45-54,hybrid,0,1
user_001,2024-01-13,38.88,2,281,45,18,12,15,8.77,47.64,1,weekend,23:21,08:36,45-54,hybrid,0,1
user_001,2024-01-14,49.43,2,199,38,15,48,18,2.08,63.42,0,weekend,23:30,07:58,45-54,hybrid,0,1
user_002,2024-01-01,48.01,2,184,47,30,38,9,4.93,57.63,1,workday,21:56,06:18,25-34,hybrid,1,1
user_002,2024-01-02,27.36,2,127,31,23,22,18,7.27,31.57,1,workday,23:19,07:10,25-34,hybrid,1,1
user_002,2024-01-03,43.95,2,174,25,16,21,15,3.79,81.42,0,workday,22:38,06:34,25-34,hybrid,1,1
user_002,2024-01-04,41.06,2,202,57,14,33,22,6.3,51.66,0,workday,23:14,06:32,25-34,hybrid,1,1
user_002,2024-01-05,43.35,2,232,60,30,28,24,6.76,59.22,0,workday,23:11,06:39,25-34,hybrid,1,1
user_002,2024-01-06,0.0,1,247,49,11,18,29,5.83,47.19,0,weekend,23:25,07:52,25-34,hybrid,1,1
user_002,2024-01-07,16.27,1,230,60,10,35,30,1.66,54.84,0,weekend,23:25,06:56,25-34,hybrid,1,1
user_002,2024-01-08,19.69,1,217,20,7,23,17,4.37,64.42,1,workday,21:51,07:15,25-34,hybrid,1,1
user_002,2024-01-09,30.43,2,190,25,16,21,16,5.82,51.89,0,workday,23:05,06:45,25-34,hybrid,1,1
user_002,2024-01-10,36.91,2,284,60,26,27,29,8.3,17.78,1,workday,22:20,07:20,25-34,hybrid,1,1
user_002,2024-01-11,49.8,2,237,25,12,11,18,5.68,51.86,1,workday,22:21,07:05,25-34,hybrid,1,1
user_002,2024-01-12,50.36,3,180,34,23,1,21,4.59,49.6,0,workday,22:31,06:23,25-34,hybrid,1,1
user_002,2024-01-13,38.16,2,237,42,17,23,24,4.97,73.21,1,weekend,23:14,07:30,25-34,hybrid,1,1
user_002,2024-01-14,23.13,1,190,28,8,19,8,3.66,43.26,0,weekend,23:56,07:15,25-34,hybrid,1,1
user_003,2024-01-01,4.09,1,219,52,13,37,21,6.25,58.62,0,workday,23:01,07:32,45-54,hybrid,0,0
user_003,2024-01-02,18.04,1,209,45,11,26,20,2.76,73.73,1,workday,23:26,07:23,45-54,hybrid,0,0
user_003,2024-01-03,92.35,4,159,12,3,7,9,1.48,84.45,0,workday,22:09,07:57,45-54,hybrid,0,0
user_003,2024-01-04,46.9,2,246,53,30,21,23,7.23,54.25,1,workday,22:23,07:47,45-54,hybrid,0,0
user_003,2024-01-05,37.48,2,227,50,14,32,30,7.61,63.95,0,workday,23:04,07:07,45-54,hybrid,0,0
user_003,2024-01-06,50.32,3,194,25,23,28,18,3.86,53.51,0,weekend,22:52,07:12,45-54,hybrid,0,0
user_003,2024-01-07,54.83,3,219,30,14,19,13,4.84,74.9,0,weekend,23:09,07:49,45-54,hybrid,0,0
user_003,2024-01-08,47.67,2,165,13,6,0,12,3.36,73.88,0,workday,22:06,06:49,45-54,hybrid,0,0
user_003,2024-01-09,43.16,2,266,42,21,29,30,3.78,73.3,0,workday,22:36,07:27,45-54,hybrid,0,0
user_003,2024-01-10,24.9,1,219,42,27,28,16,4.47,63.45,1,workday,22:15,06:49,45-54,hybrid,0,0
user_003,2024-01-11,21.93,1,238,45,7,29,21,5.22,47.65,0,workday,22:24,06:27,45-54,hybrid,0,0
user_003,2024-01-12,52.23,3,134,18,7,26,10,5.79,56.54,0,workday,23:02,06:17,45-54,hybrid,0,0
user_003,2024-01-13,63.73,3,201,60,22,37,26,4.37,74.02,0,weekend,00:12,08:14,45-54,hybrid,0,0
user_003,2024-01-14,46.08,2,215,33,17,27,15,5.1,44.71,1,weekend,23:24,07:55,45-54,hybrid,0,0
user_004,2024-01-01,45.58,2,192,44,27,38,22,8.1,55.14,0,workday,23:11,05:38,35-44,hybrid,1,0
user_004,2024-01-02,67.47,3,201,20,7,19,18,0.0,67.9,0,workday,22:14,06:57,35-44,hybrid,1,0
user_004,2024-01-03,58.73,3,232,41,13,19,23,2.98,54.36,0,workday,22:12,07:12,35-44,hybrid,1,0
user_004,2024-01-04,69.47,3,212,44,13,37,27,2.7,72.41,0,workday,22:57,07:10,35-44,hybrid,1,0
user_004,2024-01-05,34.34,2,213,35,16,22,21,5.51,64.37,1,workday,22:15,07:40,35-44,hybrid,1,0
user_004,2024-01-06,56.26,3,206,32,12,26,5,1.39,52.41,0,weekend,22:12,07:43,35-44,hybrid,1,0
user_004,2024-01-07,35.02,2,213,48,15,35,17,5.98,62.03,0,weekend,23:55,07:45,35-44,hybrid,1,0
user_004,2024-01-08,42.43,2,175,40,6,36,19,3.84,63.22,1,workday,23:02,07:12,35-44,hybrid,1,0
user_004,2024-01-09,63.64,3,206,45,8,22,20,7.77,57.72,0,workday,22:31,07:06,35-44,hybrid,1,0
user_004,2024-01-10,36.47,2,248,52,25,23,27,10.0,53.42,1,workday,22:45,07:00,35-44,hybrid,1,0
user_004,2024-01-11,65.39,3,268,53,26,36,17,5.61,64.16,0,workday,22:20,06:38,35-44,hybrid,1,0
user_004,2024-01-12,33.28,2,184,39,15,20,21,6.73,56.54,1,workday,22:33,06:53,35-44,hybrid,1,0
user_004,2024-01-13,88.04,4,210,18,7,26,12,3.74,68.65,0,weekend,23:13,07:42,35-44,hybrid,1,0
user_004,2024-01-14,57.52,3,199,39,15,30,17,0.26,55.79,0,weekend,23:50,07:45,35-44,hybrid,1,0
user_005,2024-01-01,34.05,2,189,41,30,41,18,7.8,22.16,1,workday,22:21,06:07,18-24,hybrid,1,0
user_005,2024-01-02,62.43,3,180,38,25,30,17,3.6,44.76,1,workday,22:46,07:10,18-24,hybrid,1,0
user_005,2024-01-03,54.8,3,204,49,46,23,15,5.06,74.55,0,workday,23:17,06:57,18-24,hybrid,1,0
user_005,2024-01-04,58.81,3,283,50,24,21,13,4.15,47.18,0,workday,22:24,07:37,18-24,hybrid,1,0
user_005,2024-01-05,62.49,3,196,50,24,24,17,7.49,59.4,0,workday,21:48,07:02,18-24,hybrid,1,0
user_005,2024-01-06,82.71,4,233,56,26,32,20,2.85,69.28,0,weekend,23:31,06:58,18-24,hybrid,1,0
user_005,2024-01-07,46.78,2,210,38,18,28,22,6.78,50.7,0,weekend,23:25,07:39,18-24,hybrid,1,0
user_005,2024-01-08,17.04,1,271,60,28,47,26,6.43,61.91,1,workday,23:48,05:59,18-24,hybrid,1,0
user_005,2024-01-09,41.5,2,178,41,28,13,21,6.65,54.85,0,workday,22:07,06:41,18-24,hybrid,1,0
user_005,2024-01-10,67.74,3,225,48,20,27,15,3.66,40.45,0,workday,22:40,07:11,18-24,hybrid,1,0
user_005,2024-01-11,13.06,1,182,56,20,42,26,8.42,49.48,1,workday,23:03,07:21,18-24,hybrid,1,0
user_005,2024-01-12,72.85,3,218,58,12,36,25,3.47,68.66,0,workday,22:34,08:05,18-24,hybrid,1,0
user_005,2024-01-13,86.27,4,205,43,9,24,16,2.96,66.62,0,weekend,23:21,07:31,18-24,hybrid,1,0
user_005,2024-01-14,83.01,4,216,24,14,21,5,1.25,68.75,0,weekend,23:31,07:58,18-24,hybrid,1,0
user_006,2024-01-01,49.87,2,122,31,11,26,12,5.8,74.24,0,workday,23:42,06:45,55+,hybrid,0,0
user_006,2024-01-02,57.89,3,191,40,9,21,20,2.12,80.98,0,workday,23:20,07:00,55+,hybrid,0,0
user_006,2024-01-03,8.27,1,252,59,13,33,23,4.59,53.71,1,workday,23:55,07:05,55+,hybrid,0,0
user_006,2024-01-04,37.32,2,246,45,26,27,7,6.7,63.05,0,workday,23:38,06:41,55+,hybrid,0,0
user_006,2024-01-05,36.33,2,211,60,45,33,21,2.94,68.95,0,workday,23:05,08:04,55+,hybrid,0,0
user_006,2024-01-06,0.0,1,213,37,17,17,11,7.24,61.71,1,weekend,00:03,07:42,55+,hybrid,0,0
user_006,2024-01-07,50.01,3,170,32,21,28,12,3.88,80.52,0,weekend,22:38,07:51,55+,hybrid,0,0
user_006,2024-01-08,45.2,2,173,33,12,20,13,4.25,52.9,0,workday,23:05,06:54,55+,hybrid,0,0
user_006,2024-01-09,11.95,1,199,35,29,18,21,1.72,86.61,0,workday,21:51,06:24,55+,hybrid,0,0
user_006,2024-01-10,0.0,1,248,57,21,40,18,4.9,52.11,1,workday,22:36,07:21,55+,hybrid,0,0
user_006,2024-01-11,25.16,2,233,44,18,32,21,3.72,65.82,1,workday,22:36,06:44,55+,hybrid,0,0
user_006,2024-01-12,13.04,1,227,48,16,22,17,2.96,52.69,0,workday,23:08,07:20,55+,hybrid,0,0
user_006,2024-01-13,19.8,1,220,27,6,29,14,4.24,61.59,0,weekend,22:58,07:39,55+,hybrid,0,0
user_006,2024-01-14,71.42,3,183,17,6,17,11,0.21,66.22,0,weekend,22:40,07:40,55+,hybrid,0,0
user_007,2024-01-01,9.22,1,271,57,31,35,25,7.45,39.42,0,workday,23:25,08:22,35-44,hybrid,1,0
user_007,2024-01-02,37.37,2,219,51,29,34,27,5.85,56.42,1,workday,22:37,07:04,35-44,hybrid,1,0
user_007,2024-01-03,42.32,2,249,47,16,35,14,5.78,42.43,0,workday,22:58,07:33,35-44,hybrid,1,0
user_007,2024-01-04,78.24,4,225,38,16,26,28,4.12,69.84,0,workday,22:54,07:50,35-44,hybrid,1,0
user_007,2024-01-05,35.16,2,217,34,14,13,21,4.12,60.79,0,workday,22:31,06:52,35-44,hybrid,1,0
user_007,2024-01-06,70.46,3,189,41,14,15,11,2.46,74.22,0,weekend,23:34,07:07,35-44,hybrid,1,0
user_007,2024-01-07,22.61,1,222,29,27,18,16,3.41,56.27,0,weekend,23:17,07:26,35-44,hybrid,1,0
user_007,2024-01-08,27.69,2,224,39,20,22,27,6.39,42.14,1,workday,23:01,06:34,35-44,hybrid,1,0
user_007,2024-01-09,23.47,1,214,40,7,21,19,5.42,55.01,1,workday,23:47,07:14,35-44,hybrid,1,0
user_007,2024-01-10,45.17,2,231,41,27,36,22,6.44,43.03,0,workday,00:13,06:31,35-44,hybrid,1,0
user_007,2024-01-11,63.45,3,168,24,15,16,14,3.3,51.91,0,workday,23:46,07:31,35-44,hybrid,1,0
user_007,2024-01-12,41.31,2,250,50,33,37,13,3.01,52.81,1,workday,23:37,06:14,35-44,hybrid,1,0
user_007,2024-01-13,47.31,2,212,38,20,24,16,4.67,37.98,0,weekend,22:24,07:55,35-44,hybrid,1,0
user_007,2024-01-14,60.19,3,155,37,22,29,16,4.27,44.47,0,weekend,23:52,08:16,35-44,hybrid,1,0
user_008,2024-01-01,42.06,2,272,37,16,29,17,3.8,72.56,0,workday,22:48,07:41,45-54,remote,0,0
user_008,2024-01-02,37.32,2,174,24,8,15,15,4.3,67.94,1,workday,23:11,07:13,45-54,remote,0,0
user_008,2024-01-03,41.35,2,181,45,9,27,23,5.01,66.11,0,workday,23:09,07:24,45-54,remote,0,0
user_008,2024-01-04,41.81,2,163,43,42,24,19,4.25,42.63,0,workday,23:08,06:30,45-54,remote,0,0
user_008,2024-01-05,61.65,3,189,24,5,16,8,2.65,77.02,0,workday,23:25,07:17,45-54,remote,0,0
user_008,2024-01-06,23.03,1,246,41,12,36,5,5.25,50.76,0,weekend,00:02,07:33,45-54,remote,0,0
user_008,2024-01-07,72.04,3,262,42,18,14,16,2.34,50.9,0,weekend,00:12,07:04,45-54,remote,0,0
user_008,2024-01-08,38.23,2,202,28,19,17,11,5.24,43.69,1,workday,23:57,07:02,45-54,remote,0,0
user_008,2024-01-09,52.74,3,179,43,12,25,17,2.28,64.04,0,workday,23:16,07:07,45-54,remote,0,0
user_008,2024-01-10,43.18,2,215,42,25,38,21,4.57,59.92,0,workday,22:41,07:01,45-54,remote,0,0
user_008,2024-01-11,85.41,4,196,30,9,23,17,3.96,60.64,0,workday,22:49,06:45,45-54,remote,0,0
user_008,2024-01-12,52.42,3,233,29,24,13,23,4.53,59.42,0,workday,22:52,07:45,45-54,remote,0,0
user_008,2024-01-13,42.54,2,251,44,11,32,7,4.15,62.06,0,weekend,23:14,08:19,45-54,remote,0,0
user_008,2024-01-14,50.61,3,266,43,26,42,16,5.32,55.19,0,weekend,22:57,08:00,45-54,remote,0,0
user_009,2024-01-01,46.1,2,190,52,40,19,19,5.47,57.63,0,workday,22:17,07:48,18-24,remote,1,0
user_009,2024-01-02,0.0,1,265,48,24,29,21,5.95,50.89,1,workday,23:01,07:02,18-24,remote,1,0
user_009,2024-01-03,55.62,3,183,38,22,29,18,3.74,66.67,0,workday,23:01,07:23,18-24,remote,1,0
user_009,2024-01-04,42.39,2,177,56,33,30,30,6.63,48.41,0,workday,22:40,07:06,18-24,remote,1,0
user_009,2024-01-05,69.88,3,250,45,22,30,17,6.14,60.11,1,workday,23:00,07:05,18-24,remote,1,0
user_009,2024-01-06,92.69,4,233,60,30,40,25,3.31,74.87,0,weekend,23:36,07:33,18-24,remote,1,0
user_009,2024-01-07,53.01,3,208,50,18,23,22,4.87,46.85,0,weekend,23:44,07:19,18-24,remote,1,0
user_009,2024-01-08,40.23,2,265,52,31,23,20,4.04,47.85,1,workday,23:16,07:01,18-24,remote,1,0
user_009,2024-01-09,34.45,2,300,55,16,37,26,6.16,52.79,1,workday,22:33,07:01,18-24,remote,1,0
user_009,2024-01-10,72.42,3,205,28,12,18,12,2.14,64.81,0,workday,23:12,06:48,18-24,remote,1,0
user_009,2024-01-11,51.2,3,210,45,26,24,21,6.97,75.35,0,workday,22:24,07:07,18-24,remote,1,0
user_009,2024-01-12,19.93,1,251,37,14,26,14,6.28,66.85,1,workday,23:37,06:37,18-24,remote,1,0
user_009,2024-01-13,62.23,3,192,34,23,8,22,5.8,50.85,0,weekend,23:36,07:49,18-24,remote,1,0
user_009,2024-01-14,33.22,2,245,43,15,25,21,5.14,36.86,1,weekend,23:50,08:07,18-24,remote,1,0
user_010,2024-01-01,100.0,4,167,9,5,14,11,0.09,84.2,0,workday,23:13,06:16,25-34,hybrid,0,0
user_010,2024-01-02,78.96,4,263,60,48,30,13,7.24,52.03,0,workday,23:21,06:46,25-34,hybrid,0,0
user_010,2024-01-03,81.34,4,242,48,27,33,30,5.32,65.1,0,workday,23:16,07:35,25-34,hybrid,0,0
user_010,2024-01-04,73.34,3,141,50,32,31,19,5.32,49.29,0,workday,00:35,07:23,25-34,hybrid,0,0
user_010,2024-01-05,44.98,2,154,37,27,32,21,6.73,57.29,0,workday,22:55,07:06,25-34,hybrid,0,0
user_010,2024-01-06,57.92,3,240,53,43,40,25,0.48,74.54,0,weekend,23:06,08:04,25-34,hybrid,0,0
user_010,2024-01-07,58.87,3,206,15,8,22,4,3.79,75.97,0,weekend,23:37,07:25,25-34,hybrid,0,0
user_010,2024-01-08,66.7,3,156,46,12,29,18,6.44,57.86,0,workday,22:47,07:27,25-34,hybrid,0,0
user_010,2024-01-09,72.83,3,217,37,2,15,22,4.11,38.85,0,workday,22:32,06:42,25-34,hybrid,0,0
user_010,2024-01-10,71.5,3,244,34,8,35,8,1.34,55.85,0,workday,22:21,07:03,25-34,hybrid,0,0
user_010,2024-01-11,59.71,3,238,41,27,45,16,3.67,58.83,0,workday,23:24,07:23,25-34,hybrid,0,0
user_010,2024-01-12,47.35,2,197,40,31,17,18,4.61,52.59,1,workday,22:35,06:38,25-34,hybrid,0,0
user_010,2024-01-13,55.98,3,217,40,21,29,23,6.45,56.13,1,weekend,00:28,07:17,25-34,hybrid,0,0
user_010,2024-01-14,61.47,3,223,50,33,25,24,4.14,57.94,0,weekend,00:09,08:44,25-34,hybrid,0,0
user_011,2024-01-01,75.84,4,227,40,21,27,21,1.57,76.86,0,workday,22:38,07:48,25-34,remote,0,0
user_011,2024-01-02,52.1,3,237,60,34,23,30,6.67,46.75,1,workday,23:07,06:50,25-34,remote,0,0
user_011,2024-01-03,75.59,4,232,44,20,32,22,4.38,70.03,0,workday,23:14,06:51,25-34,remote,0,0
user_011,2024-01-04,80.99,4,295,33,14,27,15,5.22,50.78,0,workday,23:22,07:40,25-34,remote,0,0
user_011,2024-01-05,62.43,3,288,60,17,50,27,5.91,67.78,0,workday,23:15,06:58,25-34,remote,0,0
user_011,2024-01-06,100.0,4,273,34,21,24,22,2.81,71.4,0,weekend,23:45,07:19,25-34,remote,0,0
user_011,2024-01-07,48.2,2,212,54,24,32,23,5.0,44.49,0,weekend,23:06,07:14,25-34,remote,0,0
user_011,2024-01-08,38.2,2,264,44,25,24,28,6.71,28.55,1,workday,22:38,07:43,25-34,remote,0,0
user_011,2024-01-09,47.91,2,272,38,23,34,23,4.36,71.67,1,workday,22:50,07:19,25-34,remote,0,0
user_011,2024-01-10,37.39,2,203,57,35,27,15,6.3,42.96,0,workday,22:40,06:59,25-34,remote,0,0
user_011,2024-01-11,67.13,3,247,36,21,23,16,5.76,48.18,1,workday,22:34,07:19,25-34,remote,0,0
user_011,2024-01-12,42.25,2,237,59,27,41,20,4.51,58.5,1,workday,23:13,06:11,25-34,remote,0,0
user_011,2024-01-13,55.04,3,213,44,14,32,16,6.39,30.49,1,weekend,22:54,08:05,25-34,remote,0,0
user_011,2024-01-14,48.13,2,143,37,10,24,18,4.56,61.45,0,weekend,23:32,08:11,25-34,remote,0,0
user_012,2024-01-01,59.02,3,222,37,13,15,10,5.69,44.04,0,workday,22:41,06:59,55+,hybrid,0,1
user_012,2024-01-02,68.07,3,249,32,29,32,13,3.22,85.74,1,workday,23:18,07:11,55+,hybrid,0,1
user_012,2024-01-03,100.0,4,155,38,10,19,22,1.74,78.15,1,workday,22:34,06:09,55+,hybrid,0,1
user_012,2024-01-04,76.64,4,243,45,9,34,15,7.12,64.18,1,workday,22:39,07:14,55+,hybrid,0,1
user_012,2024-01-05,57.59,3,217,37,14,36,22,6.15,54.14,0,workday,22:48,07:16,55+,hybrid,0,1
user_012,2024-01-06,73.67,3,185,26,17,15,12,3.63,74.71,0,weekend,23:03,07:42,55+,hybrid,0,1
user_012,2024-01-07,100.0,4,230,18,11,32,22,0.98,80.48,0,weekend,00:38,07:16,55+,hybrid,0,1
user_012,2024-01-08,48.02,2,222,53,29,39,28,7.44,49.65,0,workday,22:31,06:44,55+,hybrid,0,1
user_012,2024-01-09,100.0,4,271,60,20,33,20,7.03,54.24,0,workday,23:30,06:38,55+,hybrid,0,1
user_012,2024-01-10,71.57,3,251,43,22,28,5,2.91,62.08,1,workday,22:42,06:37,55+,hybrid,0,1
user_012,2024-01-11,39.32,2,255,48,23,23,24,5.97,66.08,1,workday,22:41,06:41,55+,hybrid,0,1
user_012,2024-01-12,91.08,4,253,43,13,40,21,7.45,41.4,0,workday,23:18,06:46,55+,hybrid,0,1
user_012,2024-01-13,67.14,3,284,60,35,23,20,4.2,51.81,0,weekend,00:09,08:04,55+,hybrid,0,1
user_012,2024-01-14,66.11,3,232,51,51,25,15,1.23,59.29,0,weekend,00:16,07:43,55+,hybrid,0,1
user_013,2024-01-01,55.99,3,212,49,25,13,11,5.08,73.91,0,workday,23:20,07:03,35-44,on_site,0,0
user_013,2024-01-02,38.89,2,227,42,19,29,25,8.62,39.53,0,workday,22:58,06:44,35-44,on_site,0,0
user_013,2024-01-03,40.31,2,182,60,25,32,25,5.84,49.31,1,workday,23:16,07:39,35-44,on_site,0,0
user_013,2024-01-04,22.64,1,198,38,12,32,28,8.07,71.41,0,workday,22:48,06:47,35-44,on_site,0,0
user_013,2024-01-05,27.29,2,287,49,13,39,24,7.1,56.74,0,workday,22:45,06:03,35-44,on_site,0,0
user_013,2024-01-06,42.68,2,214,45,31,34,15,6.75,46.13,0,weekend,00:07,07:56,35-44,on_site,0,0
user_013,2024-01-07,38.86,2,246,42,13,31,23,4.04,54.99,0,weekend,00:02,07:16,35-44,on_site,0,0
user_013,2024-01-08,77.43,4,184,34,15,26,16,5.17,42.85,0,workday,23:03,07:12,35-44,on_site,0,0
user_013,2024-01-09,39.42,2,139,40,22,33,16,3.86,66.78,1,workday,23:06,06:45,35-44,on_site,0,0
user_013,2024-01-10,20.76,1,211,54,33,25,29,6.56,37.47,0,workday,00:12,07:17,35-44,on_site,0,0
user_013,2024-01-11,46.5,2,192,39,30,35,25,4.41,73.2,0,workday,23:07,07:21,35-44,on_site,0,0
user_013,2024-01-12,44.12,2,209,43,23,31,16,5.04,40.27,0,workday,23:22,06:41,35-44,on_site,0,0
user_013,2024-01-13,45.47,2,241,52,27,29,22,3.14,48.7,0,weekend,23:47,08:05,35-44,on_site,0,0
user_013,2024-01-14,42.7,2,192,48,27,21,19,7.22,54.24,1,weekend,23:50,07:58,35-44,on_site,0,0
user_014,2024-01-01,52.97,3,203,30,7,28,7,4.2,52.33,0,workday,22:58,07:18,45-54,remote,0,0
user_014,2024-01-02,56.47,3,239,49,12,20,17,3.62,46.52,0,workday,22:24,06:57,45-54,remote,0,0
user_014,2024-01-03,44.49,2,203,32,15,26,17,3.09,71.95,1,workday,22:36,07:01,45-54,remote,0,0
user_014,2024-01-04,31.75,2,251,35,19,14,9,6.5,57.55,1,workday,22:36,06:34,45-54,remote,0,0
user_014,2024-01-05,28.82,2,285,41,24,34,14,6.35,41.21,1,workday,22:30,07:07,45-54,remote,0,0
user_014,2024-01-06,33.04,2,195,49,26,28,23,5.02,50.17,0,weekend,00:27,07:17,45-54,remote,0,0
user_014,2024-01-07,27.29,2,289,43,20,35,18,4.38,56.7,0,weekend,23:17,06:48,45-54,remote,0,0
user_014,2024-01-08,19.84,1,225,60,28,26,30,6.93,32.99,1,workday,22:35,06:54,45-54,remote,0,0
user_014,2024-01-09,51.1,3,245,49,26,37,25,4.46,55.56,0,workday,23:20,07:14,45-54,remote,0,0
user_014,2024-01-10,47.7,2,241,40,13,34,21,3.58,53.96,1,workday,22:48,07:05,45-54,remote,0,0
user_014,2024-01-11,7.57,1,240,41,17,29,18,6.85,58.73,1,workday,23:15,06:30,45-54,remote,0,0
user_014,2024-01-12,15.72,1,252,31,11,23,18,4.71,78.57,0,workday,22:26,06:50,45-54,remote,0,0
user_014,2024-01-13,24.16,1,235,40,4,26,16,3.14,49.75,0,weekend,23:32,07:35,45-54,remote,0,0
user_014,2024-01-14,35.3,2,201,41,18,38,14,1.69,63.93,1,weekend,23:43,07:41,45-54,remote,0,0
user_015,2024-01-01,73.77,3,158,24,5,6,11,2.67,50.71,0,workday,23:16,06:40,25-34,remote,1,0
user_015,2024-01-02,70.98,3,270,49,36,21,20,2.72,64.69,0,workday,23:34,07:04,25-34,remote,1,0
user_015,2024-01-03,54.16,3,197,60,28,24,30,5.31,66.13,0,workday,23:13,06:24,25-34,remote,1,0
user_015,2024-01-04,46.19,2,287,60,29,31,28,4.19,57.08,1,workday,23:08,06:16,25-34,remote,1,0
user_015,2024-01-05,14.91,1,219,51,10,24,17,8.6,64.43,0,workday,00:12,07:38,25-34,remote,1,0
user_015,2024-01-06,55.8,3,238,58,26,43,24,6.62,41.38,0,weekend,00:07,08:09,25-34,remote,1,0
user_015,2024-01-07,58.05,3,252,48,28,40,21,5.69,67.68,0,weekend,00:08,07:36,25-34,remote,1,0
user_015,2024-01-08,39.61,2,188,41,23,31,12,4.89,70.31,1,workday,23:34,07:10,25-34,remote,1,0
user_015,2024-01-09,41.45,2,255,41,34,30,13,6.06,53.65,0,workday,22:55,07:44,25-34,remote,1,0
user_015,2024-01-10,55.66,3,197,54,30,33,25,7.52,55.91,0,workday,22:44,07:45,25-34,remote,1,0
user_015,2024-01-11,38.17,2,183,47,11,33,16,4.01,55.4,1,workday,23:06,06:25,25-34,remote,1,0
user_015,2024-01-12,23.61,1,203,50,25,28,14,7.65,64.61,0,workday,23:10,07:16,25-34,remote,1,0
user_015,2024-01-13,87.12,4,239,48,32,30,27,5.3,67.17,0,weekend,23:47,07:31,25-34,remote,1,0
user_015,2024-01-14,34.14,2,277,55,34,37,22,3.47,40.98,0,weekend,23:11,07:26,25-34,remote,1,0
user_016,2024-01-01,79.15,4,189,38,21,24,26,2.15,81.77,0,workday,22:26,07:34,25-34,remote,0,0
user_016,2024-01-02,30.31,2,232,45,4,19,28,6.54,51.82,0,workday,22:39,06:52,25-34,remote,0,0
user_016,2024-01-03,51.79,3,244,60,26,35,30,7.72,60.55,0,workday,23:09,07:00,25-34,remote,0,0
user_016,2024-01-04,58.1,3,173,37,11,29,9,4.57,58.18,1,workday,00:01,06:31,25-34,remote,0,0
user_016,2024-01-05,26.91,2,241,44,16,46,25,4.13,53.67,1,workday,22:57,06:06,25-34,remote,0,0
user_016,2024-01-06,36.23,2,242,36,12,30,17,6.38,41.92,1,weekend,23:45,07:38,25-34,remote,0,0
user_016,2024-01-07,78.29,4,242,37,11,26,21,5.0,58.87,0,weekend,23:56,07:39,25-34,remote,0,0
user_016,2024-01-08,44.8,2,239,38,23,23,25,5.69,60.92,0,workday,22:41,06:16,25-34,remote,0,0
user_016,2024-01-09,62.39,3,201,20,7,16,15,2.4,95.97,0,workday,22:31,06:54,25-34,remote,0,0
user_016,2024-01-10,43.47,2,258,51,22,38,25,5.97,40.7,1,workday,22:20,07:12,25-34,remote,0,0
user_016,2024-01-11,25.19,2,255,49,23,44,16,7.15,36.79,1,workday,23:04,07:50,25-34,remote,0,0
user_016,2024-01-12,23.19,1,249,30,18,20,12,4.49,62.53,0,workday,23:02,07:28,25-34,remote,0,0
user_016,2024-01-13,75.18,4,241,44,18,22,18,2.79,63.45,0,weekend,00:22,07:34,25-34,remote,0,0
user_016,2024-01-14,48.58,2,236,44,22,44,19,6.29,50.69,1,weekend,00:17,07:50,25-34,remote,0,0
user_017,2024-01-01,21.31,1,182,38,19,50,23,5.0,53.72,1,workday,23:16,06:39,35-44,remote,1,1
user_017,2024-01-02,55.42,3,187,39,20,41,8,4.53,40.14,0,workday,23:11,07:47,35-44,remote,1,1
user_017,2024-01-03,71.48,3,220,31,11,12,18,6.54,42.21,0,workday,23:39,07:09,35-44,remote,1,1
user_017,2024-01-04,62.35,3,206,36,17,30,7,3.64,51.56,0,workday,23:55,06:42,35-44,remote,1,1
user_017,2024-01-05,44.45,2,229,27,21,35,30,6.71,39.95,0,workday,22:07,05:57,35-44,remote,1,1
user_017,2024-01-06,70.72,3,244,46,17,35,11,3.5,60.45,0,weekend,23:06,07:12,35-44,remote,1,1
user_017,2024-01-07,19.3,1,246,59,20,27,28,4.97,66.54,0,weekend,23:37,08:19,35-44,remote,1,1
user_017,2024-01-08,59.09,3,300,50,12,40,18,5.18,49.0,0,workday,23:47,07:38,35-44,remote,1,1
user_017,2024-01-09,60.83,3,191,26,17,36,10,4.3,49.86,1,workday,23:01,06:53,35-44,remote,1,1
user_017,2024-01-10,61.59,3,227,30,19,16,18,7.01,50.06,0,workday,22:42,06:41,35-44,remote,1,1
user_017,2024-01-11,70.31,3,199,23,15,17,11,3.81,63.18,0,workday,22:21,07:33,35-44,remote,1,1
user_017,2024-01-12,45.75,2,238,44,32,32,12,5.86,75.07,0,workday,22:31,06:33,35-44,remote,1,1
user_017,2024-01-13,52.55,3,202,36,30,25,13,5.6,56.33,0,weekend,23:29,07:38,35-44,remote,1,1
user_017,2024-01-14,78.8,4,212,28,9,15,17,1.02,62.62,0,weekend,23:50,08:02,35-44,remote,1,1
user_018,2024-01-01,25.86,2,192,34,21,9,16,5.13,68.46,0,workday,22:49,07:40,18-24,hybrid,0,0
user_018,2024-01-02,69.7,3,193,33,23,23,12,3.9,42.44,0,workday,22:40,07:21,18-24,hybrid,0,0
user_018,2024-01-03,0.0,1,233,27,15,23,11,5.4,40.11,1,workday,22:39,07:22,18-24,hybrid,0,0
user_018,2024-01-04,4.87,1,245,55,29,41,21,7.47,57.23,1,workday,22:45,07:21,18-24,hybrid,0,0
user_018,2024-01-05,12.21,1,251,44,15,28,15,5.91,57.13,1,workday,23:46,07:06,18-24,hybrid,0,0
user_018,2024-01-06,40.67,2,232,39,25,14,16,4.72,91.65,0,weekend,23:40,07:19,18-24,hybrid,0,0
user_018,2024-01-07,64.0,3,250,47,8,31,15,3.25,77.44,0,weekend,23:29,07:56,18-24,hybrid,0,0
user_018,2024-01-08,36.94,2,184,36,34,26,12,6.33,45.91,0,workday,22:55,07:11,18-24,hybrid,0,0
user_018,2024-01-09,49.92,2,244,53,21,20,13,4.68,75.55,0,workday,22:38,06:04,18-24,hybrid,0,0
user_018,2024-01-10,46.15,2,234,59,39,36,25,8.9,49.66,0,workday,23:48,07:13,18-24,hybrid,0,0
user_018,2024-01-11,63.76,3,300,38,10,32,23,4.64,71.61,0,workday,22:25,07:39,18-24,hybrid,0,0
user_018,2024-01-12,22.49,1,217,51,30,27,23,6.32,56.32,0,workday,23:11,07:14,18-24,hybrid,0,0
user_018,2024-01-13,23.79,1,250,30,23,21,18,6.69,46.25,0,weekend,23:07,08:06,18-24,hybrid,0,0
user_018,2024-01-14,64.35,3,254,41,10,24,21,3.39,61.27,0,weekend,23:16,07:15,18-24,hybrid,0,0
user_019,2024-01-01,50.53,3,177,48,15,17,15,0.98,68.4,1,workday,23:05,07:13,45-54,hybrid,0,0
user_019,2024-01-02,57.08,3,193,49,17,45,22,4.18,65.97,0,workday,23:14,07:01,45-54,hybrid,0,0
user_019,2024-01-03,50.94,3,237,40,13,28,15,5.72,54.18,1,workday,23:32,07:13,45-54,hybrid,0,0
user_019,2024-01-04,48.96,2,248,51,26,28,11,2.29,62.4,0,workday,23:01,06:46,45-54,hybrid,0,0
user_019,2024-01-05,44.38,2,231,50,18,26,25,5.91,27.25,0,workday,22:49,07:55,45-54,hybrid,0,0
user_019,2024-01-06,28.22,2,151,45,21,24,15,4.78,49.86,0,weekend,00:00,06:40,45-54,hybrid,0,0
user_019,2024-01-07,23.44,1,283,50,21,34,13,3.98,44.47,1,weekend,23:40,08:18,45-54,hybrid,0,0
user_019,2024-01-08,48.94,2,208,34,8,34,16,3.73,57.5,1,workday,22:37,07:07,45-54,hybrid,0,0
user_019,2024-01-09,52.22,3,223,31,10,31,20,2.41,70.55,0,workday,22:06,06:41,45-54,hybrid,0,0
user_019,2024-01-10,24.51,1,215,30,13,37,20,6.54,39.34,1,workday,23:19,06:21,45-54,hybrid,0,0
user_019,2024-01-11,83.77,4,184,41,12,22,18,5.87,43.24,0,workday,23:12,07:17,45-54,hybrid,0,0
user_019,2024-01-12,40.58,2,215,45,25,28,18,4.24,52.17,0,workday,22:34,07:08,45-54,hybrid,0,0
user_019,2024-01-13,28.28,2,254,52,18,36,24,7.24,47.94,0,weekend,23:13,08:29,45-54,hybrid,0,0
user_019,2024-01-14,74.16,3,194,32,11,25,14,4.93,73.21,0,weekend,23:59,07:05,45-54,hybrid,0,0
user_020,2024-01-01,39.06,2,172,25,13,21,19,3.76,76.23,0,workday,22:44,06:52,35-44,hybrid,1,1
user_020,2024-01-02,56.41,3,204,50,15,38,22,2.98,63.28,1,workday,22:14,07:00,35-44,hybrid,1,1
user_020,2024-01-03,40.42,2,226,53,33,7,29,3.29,52.57,0,workday,22:38,07:28,35-44,hybrid,1,1
user_020,2024-01-04,54.31,3,259,49,34,35,16,3.79,80.25,1,workday,22:55,07:14,35-44,hybrid,1,1
user_020,2024-01-05,90.56,4,200,31,6,12,0,0.0,79.32,0,workday,23:18,06:50,35-44,hybrid,1,1
user_020,2024-01-06,68.33,3,237,49,39,32,19,4.53,61.91,0,weekend,23:45,08:03,35-44,hybrid,1,1
user_020,2024-01-07,95.35,4,278,55,21,22,30,3.41,75.23,0,weekend,23:22,07:45,35-44,hybrid,1,1
user_020,2024-01-08,67.37,3,264,12,4,16,15,4.37,50.05,1,workday,22:55,06:45,35-44,hybrid,1,1
user_020,2024-01-09,56.55,3,154,23,8,15,10,3.76,37.94,0,workday,22:28,07:25,35-44,hybrid,1,1
user_020,2024-01-10,37.34,2,188,42,12,29,19,5.21,51.61,0,workday,23:01,06:43,35-44,hybrid,1,1
user_020,2024-01-11,83.43,4,172,60,26,10,20,1.73,70.69,0,workday,23:14,07:08,35-44,hybrid,1,1
user_020,2024-01-12,48.7,2,183,60,32,24,16,6.14,48.18,0,workday,22:49,07:31,35-44,hybrid,1,1
user_020,2024-01-13,45.17,2,235,52,21,15,23,4.78,52.72,0,weekend,23:54,07:54,35-44,hybrid,1,1
user_020,2024-01-14,58.69,3,192,49,7,32,21,2.43,71.75,0,weekend,23:03,07:41,35-44,hybrid,1,1
user_021,2024-01-01,60.99,3,182,43,14,26,20,5.72,57.27,1,workday,23:29,07:23,35-44,hybrid,1,0
user_021,2024-01-02,62.9,3,209,39,23,32,19,4.84,55.87,0,workday,22:10,07:50,35-44,hybrid,1,0
user_021,2024-01-03,16.94,1,198,43,28,21,24,5.59,49.64,1,workday,23:52,07:06,35-44,hybrid,1,0
user_021,2024-01-04,76.05,4,235,35,12,19,18,4.72,58.74,0,workday,22:04,06:23,35-44,hybrid,1,0
user_021,2024-01-05,43.91,2,130,47,30,28,20,8.67,31.64,1,workday,23:15,07:15,35-44,hybrid,1,0
user_021,2024-01-06,72.64,3,294,45,16,29,21,5.86,38.84,0,weekend,00:33,07:38,35-44,hybrid,1,0
user_021,2024-01-07,54.38,3,256,35,25,10,10,1.86,57.35,0,weekend,22:49,07:19,35-44,hybrid,1,0
user_021,2024-01-08,49.9,2,247,48,34,36,24,4.05,39.59,1,workday,22:38,07:01,35-44,hybrid,1,0
user_021,2024-01-09,44.76,2,205,53,10,36,25,4.96,49.69,1,workday,22:36,07:02,35-44,hybrid,1,0
user_021,2024-01-10,58.86,3,172,39,17,30,20,4.73,69.52,1,workday,22:40,07:08,35-44,hybrid,1,0
user_021,2024-01-11,72.98,3,219,58,18,28,20,4.83,56.24,0,workday,23:28,07:35,35-44,hybrid,1,0
user_021,2024-01-12,77.68,4,211,43,26,27,16,4.54,48.67,1,workday,23:11,06:30,35-44,hybrid,1,0
user_021,2024-01-13,79.06,4,230,52,16,39,27,4.37,49.72,0,weekend,00:24,08:12,35-44,hybrid,1,0
user_021,2024-01-14,100.0,4,199,30,13,18,13,2.65,78.07,0,weekend,23:17,08:35,35-44,hybrid,1,0
user_022,2024-01-01,68.07,3,255,39,13,12,21,5.9,62.61,1,workday,22:36,07:18,25-34,hybrid,0,0
user_022,2024-01-02,93.29,4,196,28,15,2,13,4.47,56.6,0,workday,22:56,07:16,25-34,hybrid,0,0
user_022,2024-01-03,81.23,4,151,53,9,37,15,4.09,64.62,0,workday,22:47,06:41,25-34,hybrid,0,0
user_022,2024-01-04,80.03,4,226,38,21,16,11,7.13,56.7,0,workday,22:30,07:08,25-34,hybrid,0,0
user_022,2024-01-05,81.57,4,214,35,14,31,14,3.14,72.27,0,workday,22:41,05:47,25-34,hybrid,0,0
user_022,2024-01-06,71.65,3,257,53,28,26,14,3.91,45.53,0,weekend,23:35,07:19,25-34,hybrid,0,0
user_022,2024-01-07,90.1,4,233,27,13,14,13,1.13,71.71,0,weekend,23:12,07:31,25-34,hybrid,0,0
user_022,2024-01-08,90.17,4,182,37,27,34,16,5.36,58.7,0,workday,00:00,06:52,25-34,hybrid,0,0
user_022,2024-01-09,78.18,4,242,38,13,35,14,5.37,58.68,0,workday,22:10,07:57,25-34,hybrid,0,0
user_022,2024-01-10,68.19,3,235,43,30,40,24,6.12,46.94,1,workday,23:01,06:37,25-34,hybrid,0,0
user_022,2024-01-11,62.29,3,204,38,13,24,15,4.65,62.83,1,workday,23:03,06:20,25-34,hybrid,0,0
user_022,2024-01-12,61.52,3,229,57,36,24,21,5.16,68.79,0,workday,23:21,07:13,25-34,hybrid,0,0
user_022,2024-01-13,70.51,3,208,52,6,22,29,5.0,27.4,0,weekend,23:36,08:20,25-34,hybrid,0,0
user_022,2024-01-14,98.88,4,191,15,2,11,2,2.71,65.58,0,weekend,23:48,08:44,25-34,hybrid,0,0
user_023,2024-01-01,36.3,2,266,45,40,28,20,5.14,44.84,0,workday,23:13,06:30,55+,on_site,0,0
user_023,2024-01-02,20.85,1,170,41,22,28,14,6.35,54.05,1,workday,22:51,07:07,55+,on_site,0,0
user_023,2024-01-03,50.54,3,183,22,13,15,11,3.71,38.42,1,workday,22:25,06:38,55+,on_site,0,0
user_023,2024-01-04,66.75,3,142,51,24,35,21,6.8,63.85,0,workday,22:12,06:45,55+,on_site,0,0
user_023,2024-01-05,46.93,2,204,32,19,31,16,4.24,49.27,0,workday,22:46,07:30,55+,on_site,0,0
user_023,2024-01-06,33.84,2,253,57,24,34,25,2.71,77.65,0,weekend,23:54,07:57,55+,on_site,0,0
user_023,2024-01-07,13.82,1,229,34,21,11,17,4.02,32.37,0,weekend,23:10,08:37,55+,on_site,0,0
user_023,2024-01-08,19.06,1,213,47,12,24,22,5.95,58.26,1,workday,23:05,07:41,55+,on_site,0,0
user_023,2024-01-09,44.08,2,173,30,14,21,22,5.23,63.39,1,workday,22:20,06:31,55+,on_site,0,0
user_023,2024-01-10,50.65,3,223,56,5,27,23,5.0,67.6,0,workday,00:14,06:37,55+,on_site,0,0
user_023,2024-01-11,22.54,1,214,60,32,43,25,6.25,59.18,1,workday,23:13,06:03,55+,on_site,0,0
user_023,2024-01-12,49.01,2,210,40,18,13,18,4.16,67.92,0,workday,22:54,06:46,55+,on_site,0,0
user_023,2024-01-13,27.33,2,289,48,25,31,19,7.47,50.89,0,weekend,00:02,07:42,55+,on_site,0,0
user_023,2024-01-14,42.63,2,181,30,11,16,14,3.77,77.89,0,weekend,22:36,06:57,55+,on_site,0,0
user_024,2024-01-01,51.37,3,271,28,16,25,22,5.93,61.68,1,workday,22:52,06:30,45-54,remote,1,1
user_024,2024-01-02,29.18,2,269,60,6,44,18,7.01,52.06,0,workday,23:08,07:20,45-54,remote,1,1
user_024,2024-01-03,27.24,2,296,30,10,17,15,3.79,71.18,1,workday,23:08,07:00,45-54,remote,1,1
user_024,2024-01-04,73.97,3,215,26,10,38,9,6.9,62.65,0,workday,23:09,06:08,45-54,remote,1,1
user_024,2024-01-05,42.41,2,231,34,18,29,23,6.67,62.06,0,workday,22:39,07:13,45-54,remote,1,1
user_024,2024-01-06,27.12,2,259,57,24,41,28,4.79,43.5,0,weekend,23:14,07:14,45-54,remote,1,1
user_024,2024-01-07,19.88,1,214,49,19,25,7,3.64,47.23,1,weekend,23:08,07:44,45-54,remote,1,1
user_024,2024-01-08,31.43,2,237,48,13,26,18,4.17,55.07,0,workday,23:49,07:23,45-54,remote,1,1
user_024,2024-01-09,11.46,1,265,48,11,24,25,6.79,46.76,1,workday,23:08,07:10,45-54,remote,1,1
user_024,2024-01-10,38.92,2,178,37,30,40,23,3.33,56.6,1,workday,22:23,07:20,45-54,remote,1,1
user_024,2024-01-11,60.87,3,241,50,38,50,25,6.53,47.51,0,workday,22:38,07:14,45-54,remote,1,1
user_024,2024-01-12,75.18,4,243,37,6,20,11,2.63,65.44,1,workday,23:09,07:14,45-54,remote,1,1
user_024,2024-01-13,61.19,3,204,45,20,31,21,1.88,65.18,0,weekend,23:25,07:22,45-54,remote,1,1
user_024,2024-01-14,71.81,3,252,48,23,33,26,3.47,83.47,0,weekend,23:10,08:23,45-54,remote,1,1
user_025,2024-01-01,41.08,2,227,47,31,38,22,4.64,56.53,0,workday,23:34,06:10,45-54,remote,1,0
user_025,2024-01-02,38.71,2,156,52,23,38,22,8.56,51.53,0,workday,23:27,07:49,45-54,remote,1,0
user_025,2024-01-03,45.67,2,158,32,12,21,6,1.92,50.2,0,workday,22:54,07:05,45-54,remote,1,0
user_025,2024-01-04,4.03,1,265,47,27,33,21,5.72,56.39,0,workday,22:51,06:46,45-54,remote,1,0
user_025,2024-01-05,22.82,1,215,60,36,45,27,5.95,63.8,0,workday,00:09,06:50,45-54,remote,1,0
user_025,2024-01-06,38.77,2,257,45,20,30,16,6.64,77.38,0,weekend,00:04,07:54,45-54,remote,1,0
user_025,2024-01-07,28.39,2,240,60,14,37,24,2.85,36.48,0,weekend,23:40,09:00,45-54,remote,1,0
user_025,2024-01-08,32.35,2,269,35,3,12,19,5.63,41.12,1,workday,21:56,07:32,45-54,remote,1,0
user_025,2024-01-09,13.14,1,257,59,15,38,30,7.22,59.78,0,workday,22:40,07:07,45-54,remote,1,0
user_025,2024-01-10,17.16,1,300,56,21,45,22,4.98,24.58,0,workday,23:47,07:16,45-54,remote,1,0
user_025,2024-01-11,17.37,1,243,50,32,28,22,7.19,66.3,0,workday,23:21,06:34,45-54,remote,1,0
user_025,2024-01-12,19.95,1,227,59,7,39,23,7.64,55.0,0,workday,23:32,07:31,45-54,remote,1,0
user_025,2024-01-13,32.21,2,213,29,21,19,16,3.56,55.02,0,weekend,23:36,07:52,45-54,remote,1,0
user_025,2024-01-14,47.61,2,160,36,20,25,17,1.94,64.87,1,weekend,23:20,06:47,45-54,remote,1,0
user_026,2024-01-01,54.51,3,203,36,13,35,19,3.99,45.59,0,workday,23:29,07:30,18-24,remote,1,0
user_026,2024-01-02,56.02,3,241,41,16,29,15,2.83,56.56,0,workday,22:49,07:37,18-24,remote,1,0
user_026,2024-01-03,51.69,3,254,52,20,42,29,8.73,71.17,0,workday,23:03,06:58,18-24,remote,1,0
user_026,2024-01-04,27.8,2,273,50,31,44,25,7.94,69.77,1,workday,23:05,06:51,18-24,remote,1,0
user_026,2024-01-05,53.82,3,232,36,16,24,20,5.53,61.6,0,workday,22:58,07:04,18-24,remote,1,0
user_026,2024-01-06,32.06,2,300,36,11,26,19,3.7,76.76,0,weekend,23:18,07:41,18-24,remote,1,0
user_026,2024-01-07,9.64,1,232,45,8,14,22,2.23,67.36,1,weekend,00:05,09:00,18-24,remote,1,0
user_026,2024-01-08,14.78,1,229,47,24,21,28,6.48,47.78,1,workday,00:05,07:34,18-24,remote,1,0
user_026,2024-01-09,36.37,2,243,47,13,26,18,5.16,72.4,1,workday,22:37,07:42,18-24,remote,1,0
user_026,2024-01-10,32.12,2,230,41,17,18,20,6.5,45.8,1,workday,23:05,06:21,18-24,remote,1,0
user_026,2024-01-11,55.67,3,130,39,9,31,22,5.21,66.76,1,workday,22:29,06:33,18-24,remote,1,0
user_026,2024-01-12,80.26,4,212,21,14,13,16,2.73,67.48,0,workday,22:59,07:45,18-24,remote,1,0
user_026,2024-01-13,45.33,2,229,49,5,21,24,4.86,49.55,1,weekend,00:02,07:27,18-24,remote,1,0
user_026,2024-01-14,43.23,2,194,58,19,26,22,3.93,52.53,0,weekend,23:21,07:18,18-24,remote,1,0
user_027,2024-01-01,73.53,3,240,54,24,35,23,6.15,65.31,1,workday,00:14,06:35,25-34,hybrid,0,0
user_027,2024-01-02,55.55,3,213,27,10,16,15,2.84,37.4,1,workday,22:40,06:45,25-34,hybrid,0,0
user_027,2024-01-03,33.03,2,257,49,25,33,21,7.03,47.44,1,workday,23:46,06:40,25-34,hybrid,0,0
user_027,2024-01-04,51.62,3,227,58,22,41,28,4.94,50.91,1,workday,22:58,06:19,25-34,hybrid,0,0
user_027,2024-01-05,81.56,4,214,46,21,15,20,6.13,57.92,0,workday,23:57,07:10,25-34,hybrid,0,0
user_027,2024-01-06,48.03,2,203,33,4,22,24,4.13,59.87,0,weekend,22:29,07:32,25-34,hybrid,0,0
user_027,2024-01-07,76.54,4,232,40,24,42,25,5.88,49.43,0,weekend,23:18,07:08,25-34,hybrid,0,0
user_027,2024-01-08,54.48,3,130,24,22,11,15,5.72,51.36,0,workday,23:46,06:54,25-34,hybrid,0,0
user_027,2024-01-09,66.21,3,207,43,34,23,21,6.75,42.9,0,workday,22:58,06:14,25-34,hybrid,0,0
user_027,2024-01-10,56.3,3,186,50,25,26,25,3.98,58.97,0,workday,23:53,06:51,25-34,hybrid,0,0
user_027,2024-01-11,32.49,2,220,54,19,46,22,6.59,49.37,0,workday,23:00,06:23,25-34,hybrid,0,0
user_027,2024-01-12,57.5,3,193,51,44,33,20,4.4,64.15,0,workday,23:37,06:44,25-34,hybrid,0,0
user_027,2024-01-13,60.74,3,192,31,14,16,18,5.78,49.0,0,weekend,23:20,07:36,25-34,hybrid,0,0
user_027,2024-01-14,100.0,4,197,32,15,39,17,0.75,100.0,0,weekend,23:33,07:06,25-34,hybrid,0,0
user_028,2024-01-01,52.18,3,185,54,31,32,27,3.2,54.2,1,workday,23:58,06:40,18-24,hybrid,0,1
user_028,2024-01-02,72.0,3,143,27,15,25,24,2.92,89.15,0,workday,22:49,06:45,18-24,hybrid,0,1
user_028,2024-01-03,20.29,1,229,42,25,31,29,7.45,40.27,1,workday,22:51,06:10,18-24,hybrid,0,1
user_028,2024-01-04,73.6,3,233,38,10,35,18,1.26,56.49,1,workday,23:18,07:00,18-24,hybrid,0,1
user_028,2024-01-05,100.0,4,256,41,20,43,17,3.5,66.05,0,workday,22:41,06:50,18-24,hybrid,0,1
user_028,2024-01-06,87.55,4,229,60,23,39,25,1.99,77.43,0,weekend,23:26,07:17,18-24,hybrid,0,1
user_028,2024-01-07,75.14,4,255,22,9,18,23,1.62,90.43,0,weekend,23:57,07:07,18-24,hybrid,0,1
user_028,2024-01-08,38.19,2,224,30,13,18,27,6.89,47.18,0,workday,22:19,06:51,18-24,hybrid,0,1
user_028,2024-01-09,58.16,3,264,42,36,40,24,3.07,68.17,0,workday,23:40,06:53,18-24,hybrid,0,1
user_028,2024-01-10,85.87,4,228,47,25,31,28,5.73,69.17,1,workday,23:03,07:48,18-24,hybrid,0,1
user_028,2024-01-11,64.82,3,240,49,20,33,19,5.28,68.52,0,workday,23:45,07:27,18-24,hybrid,0,1
user_028,2024-01-12,35.13,2,245,50,36,23,12,6.96,39.14,1,workday,23:02,06:01,18-24,hybrid,0,1
user_028,2024-01-13,64.89,3,206,60,31,27,30,3.66,53.34,0,weekend,23:03,07:41,18-24,hybrid,0,1
user_028,2024-01-14,70.25,3,212,60,18,41,18,0.0,80.48,0,weekend,23:18,07:53,18-24,hybrid,0,1
user_029,2024-01-01,60.61,3,157,17,7,24,18,3.79,61.32,1,workday,22:52,07:31,18-24,remote,1,1
user_029,2024-01-02,43.76,2,224,41,31,17,18,6.13,36.52,0,workday,22:07,07:18,18-24,remote,1,1
user_029,2024-01-03,18.73,1,241,60,28,37,29,7.62,46.58,1,workday,22:54,06:55,18-24,remote,1,1
user_029,2024-01-04,59.75,3,250,47,29,39,28,1.47,65.38,0,workday,22:47,06:58,18-24,remote,1,1
user_029,2024-01-05,71.11,3,144,23,13,21,8,1.43,64.6,0,workday,23:01,07:48,18-24,remote,1,1
user_029,2024-01-06,44.91,2,242,46,12,32,25,6.87,43.09,0,weekend,23:26,07:40,18-24,remote,1,1
user_029,2024-01-07,27.8,2,225,40,29,20,17,2.82,40.23,0,weekend,00:15,07:53,18-24,remote,1,1
user_029,2024-01-08,53.91,3,210,34,20,23,15,5.05,56.9,0,workday,23:19,07:20,18-24,remote,1,1
user_029,2024-01-09,31.65,2,207,41,21,23,14,4.77,44.41,0,workday,23:13,07:38,18-24,remote,1,1
user_029,2024-01-10,15.49,1,291,60,5,42,23,4.83,44.78,0,workday,23:03,07:14,18-24,remote,1,1
user_029,2024-01-11,83.33,4,205,31,10,18,13,1.68,70.5,0,workday,23:20,06:30,18-24,remote,1,1
user_029,2024-01-12,9.35,1,211,56,24,44,20,9.31,47.23,0,workday,22:23,07:45,18-24,remote,1,1
user_029,2024-01-13,62.8,3,262,60,33,24,21,4.2,53.52,0,weekend,22:36,07:41,18-24,remote,1,1
user_029,2024-01-14,68.46,3,264,22,13,20,12,6.67,35.1,0,weekend,23:38,08:01,18-24,remote,1,1
user_030,2024-01-01,17.93,1,178,56,15,39,24,7.01,37.95,0,workday,23:30,06:56,35-44,hybrid,1,0
user_030,2024-01-02,71.25,3,205,31,18,34,15,6.32,57.61,0,workday,23:55,06:59,35-44,hybrid,1,0
user_030,2024-01-03,55.27,3,202,35,9,35,21,2.92,86.53,0,workday,22:17,07:43,35-44,hybrid,1,0
user_030,2024-01-04,39.96,2,156,27,14,34,13,3.42,46.47,0,workday,21:59,07:43,35-44,hybrid,1,0
user_030,2024-01-05,29.98,2,246,44,24,26,21,7.09,56.24,0,workday,23:08,07:01,35-44,hybrid,1,0
user_030,2024-01-06,61.61,3,215,30,17,4,13,4.11,54.19,0,weekend,23:15,07:48,35-44,hybrid,1,0
user_030,2024-01-07,0.0,1,221,33,16,22,14,2.26,67.35,1,weekend,23:14,06:27,35-44,hybrid,1,0
user_030,2024-01-08,32.41,2,225,34,25,29,18,7.46,74.64,1,workday,23:46,07:02,35-44,hybrid,1,0
user_030,2024-01-09,11.43,1,171,50,21,37,18,6.12,52.19,0,workday,23:04,07:03,35-44,hybrid,1,0
user_030,2024-01-10,45.72,2,205,42,16,25,13,4.91,57.47,0,workday,22:56,06:36,35-44,hybrid,1,0
user_030,2024-01-11,50.75,3,168,48,19,29,20,3.25,42.47,0,workday,23:23,06:43,35-44,hybrid,1,0
user_030,2024-01-12,14.44,1,226,46,13,39,22,8.93,28.62,0,workday,22:17,06:54,35-44,hybrid,1,0
user_030,2024-01-13,45.06,2,226,44,33,27,16,4.55,59.48,0,weekend,23:12,07:52,35-44,hybrid,1,0
user_030,2024-01-14,4.17,1,277,58,33,34,23,6.24,70.65,0,weekend,23:14,07:37,35-44,hybrid,1,0
user_031,2024-01-01,17.36,1,298,60,25,50,19,9.09,48.18,0,workday,23:57,06:08,35-44,remote,0,1
user_031,2024-01-02,12.05,1,289,45,22,36,17,6.47,46.6,0,workday,22:43,07:09,35-44,remote,0,1
user_031,2024-01-03,25.05,2,219,31,21,21,12,5.38,70.18,0,workday,22:00,06:16,35-44,remote,0,1
user_031,2024-01-04,22.86,1,214,37,10,26,18,4.91,43.92,0,workday,22:37,07:21,35-44,remote,0,1
user_031,2024-01-05,4.82,1,239,57,24,25,28,8.58,54.68,1,workday,23:44,06:24,35-44,remote,0,1
user_031,2024-01-06,62.69,3,235,49,27,47,25,6.73,61.23,0,weekend,00:03,06:51,35-44,remote,0,1
user_031,2024-01-07,29.16,2,263,35,15,4,16,2.94,70.94,0,weekend,23:33,08:09,35-44,remote,0,1
user_031,2024-01-08,22.69,1,249,42,9,36,24,5.41,38.9,1,workday,22:36,06:42,35-44,remote,0,1
user_031,2024-01-09,12.08,1,256,40,28,30,26,5.21,34.3,0,workday,23:17,07:29,35-44,remote,0,1
user_031,2024-01-10,35.19,2,247,52,7,31,23,5.0,62.55,0,workday,22:53,06:21,35-44,remote,0,1
user_031,2024-01-11,0.0,1,229,51,26,33,21,5.67,50.29,1,workday,22:52,08:10,35-44,remote,0,1
user_031,2024-01-12,52.82,3,177,47,19,34,26,4.07,80.46,0,workday,22:47,07:17,35-44,remote,0,1
user_031,2024-01-13,0.0,1,244,47,22,32,20,4.5,76.02,1,weekend,23:54,07:47,35-44,remote,0,1
user_031,2024-01-14,15.87,1,245,44,30,31,20,8.14,46.06,0,weekend,23:16,07:49,35-44,remote,0,1
user_032,2024-01-01,53.87,3,192,36,9,37,15,6.63,56.13,1,workday,22:22,07:23,55+,hybrid,0,1
user_032,2024-01-02,11.06,1,206,35,26,16,19,6.93,54.65,1,workday,22:24,06:19,55+,hybrid,0,1
user_032,2024-01-03,19.46,1,231,42,25,32,13,4.48,49.37,1,workday,22:48,07:30,55+,hybrid,0,1
user_032,2024-01-04,62.02,3,261,45,26,7,13,3.81,74.18,1,workday,22:17,07:12,55+,hybrid,0,1
user_032,2024-01-05,60.27,3,176,36,14,15,17,4.2,49.82,0,workday,23:33,06:48,55+,hybrid,0,1
user_032,2024-01-06,29.32,2,287,55,39,28,30,5.13,60.08,0,weekend,23:12,08:14,55+,hybrid,0,1
user_032,2024-01-07,53.8,3,163,40,23,18,16,3.22,69.03,0,weekend,23:00,07:50,55+,hybrid,0,1
user_032,2024-01-08,53.71,3,217,35,14,8,13,4.76,58.67,0,workday,22:27,07:46,55+,hybrid,0,1
user_032,2024-01-09,40.9,2,176,37,11,38,22,5.69,52.36,1,workday,22:22,07:32,55+,hybrid,0,1
user_032,2024-01-10,45.69,2,235,60,43,44,25,10.0,59.9,1,workday,23:27,06:08,55+,hybrid,0,1
user_032,2024-01-11,48.0,2,255,44,6,25,11,4.53,67.27,0,workday,22:42,06:49,55+,hybrid,0,1
user_032,2024-01-12,15.32,1,215,53,27,26,22,8.02,48.53,0,workday,22:30,06:08,55+,hybrid,0,1
user_032,2024-01-13,31.19,2,220,35,15,23,9,3.64,52.82,0,weekend,23:01,07:53,55+,hybrid,0,1
user_032,2024-01-14,68.42,3,195,39,35,23,6,4.23,71.24,0,weekend,21:56,07:49,55+,hybrid,0,1
user_033,2024-01-01,58.15,3,148,20,10,17,15,3.75,67.63,0,workday,22:54,06:20,25-34,hybrid,0,0
user_033,2024-01-02,34.91,2,187,52,43,32,18,4.74,67.44,1,workday,22:36,06:48,25-34,hybrid,0,0
user_033,2024-01-03,48.62,2,211,51,25,33,27,3.41,72.12,0,workday,22:43,06:59,25-34,hybrid,0,0
user_033,2024-01-04,21.24,1,217,47,18,32,18,5.04,54.14,0,workday,23:42,07:18,25-34,hybrid,0,0
user_033,2024-01-05,1.0,1,248,45,25,36,19,5.61,37.57,1,workday,22:17,06:54,25-34,hybrid,0,0
user_033,2024-01-06,45.65,2,194,35,7,22,16,1.06,78.49,0,weekend,22:25,07:20,25-34,hybrid,0,0
user_033,2024-01-07,34.29,2,223,41,21,15,6,2.89,56.06,0,weekend,23:43,07:55,25-34,hybrid,0,0
user_033,2024-01-08,0.0,1,248,60,40,39,30,7.83,50.41,1,workday,22:26,06:55,25-34,hybrid,0,0
user_033,2024-01-09,30.52,2,164,52,22,36,22,4.63,50.24,0,workday,23:29,07:05,25-34,hybrid,0,0
user_033,2024-01-10,12.47,1,242,44,17,32,27,7.9,49.82,1,workday,21:34,07:18,25-34,hybrid,0,0
user_033,2024-01-11,15.97,1,215,44,25,16,25,6.07,51.79,0,workday,23:24,06:33,25-34,hybrid,0,0
user_033,2024-01-12,11.26,1,237,46,21,38,23,8.66,52.7,1,workday,23:29,07:00,25-34,hybrid,0,0
user_033,2024-01-13,42.28,2,288,50,12,26,27,5.47,43.1,0,weekend,23:25,08:20,25-34,hybrid,0,0
user_033,2024-01-14,69.71,3,190,37,22,12,15,3.75,63.22,0,weekend,23:58,07:41,25-34,hybrid,0,0
user_034,2024-01-01,40.03,2,209,52,6,42,22,6.43,53.07,0,workday,21:26,06:17,25-34,hybrid,1,0
user_034,2024-01-02,60.0,3,177,34,19,18,14,5.19,54.11,0,workday,22:50,06:41,25-34,hybrid,1,0
user_034,2024-01-03,36.17,2,268,48,10,28,21,8.94,58.56,0,workday,22:53,07:15,25-34,hybrid,1,0
user_034,2024-01-04,40.2,2,205,41,15,31,21,2.13,46.68,0,workday,22:38,07:33,25-34,hybrid,1,0
user_034,2024-01-05,31.62,2,140,34,9,19,15,6.41,47.97,0,workday,23:43,06:40,25-34,hybrid,1,0
user_034,2024-01-06,52.49,3,206,22,4,29,11,2.23,83.04,1,weekend,23:40,07:12,25-34,hybrid,1,0
user_034,2024-01-07,57.43,3,269,36,21,29,8,3.98,45.6,0,weekend,22:04,07:36,25-34,hybrid,1,0
user_034,2024-01-08,26.93,2,197,44,8,31,18,6.36,34.74,0,workday,23:05,06:33,25-34,hybrid,1,0
user_034,2024-01-09,46.7,2,237,32,12,32,16,6.11,60.36,0,workday,00:18,06:30,25-34,hybrid,1,0
user_034,2024-01-10,61.48,3,211,41,12,25,17,5.89,53.77,0,workday,22:53,06:49,25-34,hybrid,1,0
user_034,2024-01-11,55.73,3,251,34,16,29,10,3.27,50.33,0,workday,22:58,07:11,25-34,hybrid,1,0
user_034,2024-01-12,70.13,3,185,9,5,21,10,3.71,63.13,0,workday,22:06,07:00,25-34,hybrid,1,0
user_034,2024-01-13,41.84,2,287,60,17,43,25,3.88,61.81,0,weekend,23:39,06:35,25-34,hybrid,1,0
user_034,2024-01-14,53.21,3,232,44,12,15,17,2.92,77.78,0,weekend,23:36,07:42,25-34,hybrid,1,0
user_035,2024-01-01,20.41,1,205,41,14,28,24,7.05,34.94,1,workday,22:58,06:44,25-34,remote,0,0
user_035,2024-01-02,35.18,2,209,52,16,22,20,6.51,55.6,0,workday,22:19,07:17,25-34,remote,0,0
user_035,2024-01-03,49.56,2,279,40,9,32,23,4.48,50.64,0,workday,22:33,07:21,25-34,remote,0,0
user_035,2024-01-04,24.68,1,236,38,21,26,20,2.9,32.29,0,workday,22:56,07:31,25-34,remote,0,0
user_035,2024-01-05,54.97,3,214,30,8,16,19,2.45,46.9,0,workday,22:35,07:10,25-34,remote,0,0
user_035,2024-01-06,33.42,2,267,50,17,40,15,5.51,60.32,0,weekend,23:33,07:51,25-34,remote,0,0
user_035,2024-01-07,49.63,2,242,37,19,28,12,1.37,70.55,0,weekend,23:29,07:55,25-34,remote,0,0
user_035,2024-01-08,25.07,2,292,46,34,24,22,6.42,59.32,1,workday,22:59,06:58,25-34,remote,0,0
user_035,2024-01-09,36.02,2,300,36,8,27,19,4.67,52.24,0,workday,22:48,07:34,25-34,remote,0,0
user_035,2024-01-10,25.99,2,205,40,13,21,24,5.63,46.78,0,workday,23:36,07:44,25-34,remote,0,0
user_035,2024-01-11,9.54,1,227,39,19,32,21,7.85,48.59,0,workday,23:04,07:24,25-34,remote,0,0
user_035,2024-01-12,48.95,2,282,44,37,8,15,5.08,52.62,0,workday,23:33,07:10,25-34,remote,0,0
user_035,2024-01-13,27.47,2,241,38,16,35,20,4.57,57.92,0,weekend,23:06,07:54,25-34,remote,0,0
user_035,2024-01-14,31.87,2,264,34,25,29,28,5.28,79.37,0,weekend,22:52,08:16,25-34,remote,0,0
user_036,2024-01-01,80.31,4,233,48,7,21,18,4.97,67.14,0,workday,22:45,07:00,18-24,hybrid,0,0
user_036,2024-01-02,22.54,1,270,51,5,32,26,7.42,36.86,1,workday,22:37,07:20,18-24,hybrid,0,0
user_036,2024-01-03,33.86,2,244,50,32,40,28,6.22,34.25,0,workday,22:41,06:37,18-24,hybrid,0,0
user_036,2024-01-04,57.37,3,223,29,14,25,19,3.1,64.34,0,workday,22:48,06:59,18-24,hybrid,0,0
user_036,2024-01-05,61.34,3,212,36,24,26,17,6.05,60.93,0,workday,23:48,06:28,18-24,hybrid,0,0
user_036,2024-01-06,73.47,3,203,32,17,29,12,7.92,53.32,0,weekend,23:18,07:37,18-24,hybrid,0,0
user_036,2024-01-07,41.41,2,240,43,18,32,27,4.59,54.33,0,weekend,23:11,08:13,18-24,hybrid,0,0
user_036,2024-01-08,40.74,2,217,47,12,22,21,5.58,38.47,0,workday,23:44,07:00,18-24,hybrid,0,0
user_036,2024-01-09,24.4,1,233,35,7,19,26,6.31,35.17,0,workday,22:41,07:16,18-24,hybrid,0,0
user_036,2024-01-10,66.54,3,205,42,22,30,20,4.16,64.58,1,workday,22:26,07:11,18-24,hybrid,0,0
user_036,2024-01-11,49.33,2,178,52,30,30,23,5.56,55.51,0,workday,22:40,07:05,18-24,hybrid,0,0
user_036,2024-01-12,44.39,2,204,37,26,28,19,2.66,64.83,1,workday,23:17,07:32,18-24,hybrid,0,0
user_036,2024-01-13,82.28,4,224,43,21,20,22,2.51,70.01,0,weekend,23:45,07:37,18-24,hybrid,0,0
user_036,2024-01-14,68.71,3,187,36,16,28,18,3.49,68.49,0,weekend,23:43,07:02,18-24,hybrid,0,0
user_037,2024-01-01,35.07,2,228,52,8,45,24,4.44,45.79,0,workday,23:00,06:08,18-24,remote,0,0
user_037,2024-01-02,45.79,2,232,35,16,33,16,4.34,59.51,1,workday,22:52,06:17,18-24,remote,0,0
user_037,2024-01-03,0.0,1,220,28,14,25,15,7.22,37.93,0,workday,22:10,06:39,18-24,remote,0,0
user_037,2024-01-04,47.11,2,212,28,13,16,11,1.59,97.07,0,workday,22:19,07:13,18-24,remote,0,0
user_037,2024-01-05,56.81,3,261,30,7,33,12,5.52,60.69,0,workday,23:03,07:05,18-24,remote,0,0
user_037,2024-01-06,40.72,2,215,40,14,19,22,4.96,60.15,0,weekend,00:06,07:31,18-24,remote,0,0
user_037,2024-01-07,37.52,2,182,48,15,34,19,4.51,63.3,0,weekend,23:27,08:11,18-24,remote,0,0
user_037,2024-01-08,36.74,2,271,48,28,31,22,5.79,55.09,0,workday,22:57,07:09,18-24,remote,0,0
user_037,2024-01-09,9.68,1,233,37,25,36,22,6.57,56.5,1,workday,00:03,07:30,18-24,remote,0,0
user_037,2024-01-10,5.97,1,230,48,15,20,19,3.55,61.09,1,workday,23:22,06:38,18-24,remote,0,0
user_037,2024-01-11,43.2,2,212,45,44,20,20,5.33,62.88,0,workday,23:04,07:05,18-24,remote,0,0
user_037,2024-01-12,35.12,2,218,36,6,23,16,5.44,60.88,1,workday,00:02,07:42,18-24,remote,0,0
user_037,2024-01-13,5.42,1,188,27,18,13,13,4.26,52.73,0,weekend,23:01,08:08,18-24,remote,0,0
user_037,2024-01-14,56.33,3,230,31,10,20,25,0.82,70.51,0,weekend,23:41,08:00,18-24,remote,0,0
user_038,2024-01-01,62.32,3,213,46,30,28,25,5.79,56.6,0,workday,22:36,06:46,25-34,remote,1,0
user_038,2024-01-02,36.86,2,238,42,34,27,17,5.46,66.79,0,workday,23:36,06:47,25-34,remote,1,0
user_038,2024-01-03,67.31,3,219,30,6,9,17,3.25,59.03,0,workday,22:54,07:46,25-34,remote,1,0
user_038,2024-01-04,28.77,2,173,32,17,17,11,2.23,56.91,1,workday,22:47,06:56,25-34,remote,1,0
user_038,2024-01-05,23.75,1,220,47,25,42,15,5.34,60.18,0,workday,22:30,08:01,25-34,remote,1,0
user_038,2024-01-06,51.11,3,220,38,14,17,21,3.35,61.06,1,weekend,22:48,07:37,25-34,remote,1,0
user_038,2024-01-07,30.4,2,271,40,15,33,26,4.51,58.47,0,weekend,22:27,07:56,25-34,remote,1,0
user_038,2024-01-08,25.07,2,219,42,35,20,12,5.08,54.99,1,workday,23:22,06:50,25-34,remote,1,0
user_038,2024-01-09,31.37,2,145,34,19,35,22,5.62,64.2,0,workday,22:48,05:40,25-34,remote,1,0
user_038,2024-01-10,19.93,1,239,55,21,29,24,3.0,65.64,1,workday,22:56,06:55,25-34,remote,1,0
user_038,2024-01-11,10.72,1,226,58,26,31,22,6.68,66.83,1,workday,23:27,06:47,25-34,remote,1,0
user_038,2024-01-12,46.22,2,220,32,15,12,26,3.01,71.88,1,workday,22:43,07:27,25-34,remote,1,0
user_038,2024-01-13,26.51,2,208,50,22,37,29,6.43,52.59,0,weekend,23:52,07:54,25-34,remote,1,0
user_038,2024-01-14,53.82,3,150,44,36,40,15,1.6,52.87,0,weekend,23:14,07:44,25-34,remote,1,0
user_039,2024-01-01,52.24,3,227,54,17,29,22,4.71,68.59,0,workday,23:37,06:54,25-34,remote,0,0
user_039,2024-01-02,76.32,4,175,37,8,22,18,2.44,62.21,0,workday,23:52,06:22,25-34,remote,0,0
user_039,2024-01-03,100.0,4,226,41,19,31,21,2.64,81.82,0,workday,22:47,07:32,25-34,remote,0,0
user_039,2024-01-04,73.02,3,238,37,23,24,12,4.03,62.11,1,workday,22:07,07:21,25-34,remote,0,0
user_039,2024-01-05,59.82,3,189,41,19,19,25,4.83,64.63,1,workday,22:04,07:04,25-34,remote,0,0
user_039,2024-01-06,73.44,3,187,28,6,23,20,1.64,49.79,0,weekend,23:37,07:09,25-34,remote,0,0
user_039,2024-01-07,50.41,3,284,49,9,46,22,7.49,30.98,0,weekend,00:02,07:27,25-34,remote,0,0
user_039,2024-01-08,73.99,3,261,50,23,29,22,7.76,37.27,1,workday,23:55,07:14,25-34,remote,0,0
user_039,2024-01-09,55.17,3,209,40,22,33,24,5.03,71.76,0,workday,22:30,07:59,25-34,remote,0,0
user_039,2024-01-10,67.88,3,222,49,15,37,19,2.87,82.45,0,workday,23:21,06:54,25-34,remote,0,0
user_039,2024-01-11,89.37,4,245,35,21,32,11,6.26,65.22,0,workday,22:44,07:45,25-34,remote,0,0
user_039,2024-01-12,100.0,4,175,9,7,0,7,2.51,84.72,0,workday,23:19,07:36,25-34,remote,0,0
user_039,2024-01-13,89.08,4,167,11,10,13,2,1.9,75.69,0,weekend,23:45,07:33,25-34,remote,0,0
user_039,2024-01-14,77.1,4,195,39,7,12,15,4.81,55.15,0,weekend,23:34,06:42,25-34,remote,0,0
user_040,2024-01-01,28.16,2,129,25,24,21,19,5.92,54.1,1,workday,21:57,07:40,35-44,on_site,0,0
user_040,2024-01-02,15.86,1,162,49,37,41,17,5.48,50.99,1,workday,23:25,07:42,35-44,on_site,0,0
user_040,2024-01-03,60.33,3,176,42,15,31,16,4.61,52.25,1,workday,23:22,07:01,35-44,on_site,0,0
user_040,2024-01-04,81.22,4,271,38,32,19,17,7.73,62.35,0,workday,22:51,07:24,35-44,on_site,0,0
user_040,2024-01-05,44.42,2,192,32,18,23,20,6.01,37.32,0,workday,23:36,07:12,35-44,on_site,0,0
user_040,2024-01-06,30.23,2,249,25,22,16,11,3.07,76.43,1,weekend,23:03,07:28,35-44,on_site,0,0
user_040,2024-01-07,20.83,1,260,39,19,17,18,2.95,58.98,0,weekend,22:28,07:27,35-44,on_site,0,0
user_040,2024-01-08,34.48,2,195,54,28,36,16,4.85,58.36,1,workday,23:02,07:15,35-44,on_site,0,0
user_040,2024-01-09,40.57,2,175,27,0,18,17,6.11,61.48,0,workday,23:04,06:44,35-44,on_site,0,0
user_040,2024-01-10,40.08,2,178,36,21,19,10,6.31,58.75,0,workday,23:28,06:10,35-44,on_site,0,0
user_040,2024-01-11,46.33,2,178,43,24,32,21,7.14,49.39,0,workday,23:55,06:43,35-44,on_site,0,0
user_040,2024-01-12,42.95,2,183,54,33,24,21,4.05,77.72,0,workday,22:49,08:06,35-44,on_site,0,0
user_040,2024-01-13,16.25,1,238,26,4,25,11,4.09,62.02,0,weekend,23:49,07:27,35-44,on_site,0,0
user_040,2024-01-14,50.93,3,183,20,14,15,20,1.99,47.45,1,weekend,23:08,07:16,35-44,on_site,0,0
user_041,2024-01-01,37.99,2,148,37,16,24,12,0.0,69.33,0,workday,22:55,07:06,25-34,on_site,0,1
user_041,2024-01-02,42.4,2,169,23,4,24,14,4.79,41.64,0,workday,23:12,06:55,25-34,on_site,0,1
user_041,2024-01-03,15.28,1,216,40,24,37,14,3.66,45.29,0,workday,23:20,06:34,25-34,on_site,0,1
user_041,2024-01-04,28.1,2,175,45,27,11,20,5.16,44.44,0,workday,22:59,06:58,25-34,on_site,0,1
user_041,2024-01-05,27.25,2,225,38,9,30,7,3.45,60.65,0,workday,23:02,06:59,25-34,on_site,0,1
user_041,2024-01-06,37.67,2,221,24,8,13,18,5.88,47.48,0,weekend,22:48,07:53,25-34,on_site,0,1
user_041,2024-01-07,8.22,1,192,31,10,29,16,2.82,62.47,0,weekend,23:04,08:00,25-34,on_site,0,1
user_041,2024-01-08,0.0,1,192,60,39,31,20,7.05,27.31,0,workday,22:53,07:24,25-34,on_site,0,1
user_041,2024-01-09,43.85,2,210,29,17,16,16,5.47,47.11,0,workday,22:32,07:45,25-34,on_site,0,1
user_041,2024-01-10,61.42,3,180,34,9,50,13,4.46,49.09,0,workday,22:02,07:21,25-34,on_site,0,1
user_041,2024-01-11,50.61,3,185,34,14,42,18,3.8,74.41,0,workday,23:13,07:08,25-34,on_site,0,1
user_041,2024-01-12,22.83,1,187,48,13,23,23,7.27,56.41,1,workday,22:31,06:40,25-34,on_site,0,1
user_041,2024-01-13,35.73,2,216,22,4,9,15,2.34,64.07,0,weekend,22:28,08:39,25-34,on_site,0,1
user_041,2024-01-14,31.06,2,218,30,15,15,15,3.77,66.75,0,weekend,22:40,07:18,25-34,on_site,0,1
user_042,2024-01-01,70.48,3,184,29,8,14,9,4.6,60.27,0,workday,23:09,06:36,45-54,hybrid,0,0
user_042,2024-01-02,85.04,4,197,59,33,31,30,3.9,60.48,1,workday,23:17,07:04,45-54,hybrid,0,0
user_042,2024-01-03,88.11,4,154,25,10,15,12,2.86,70.74,1,workday,22:37,08:12,45-54,hybrid,0,0
user_042,2024-01-04,81.83,4,216,38,23,31,18,4.85,53.97,0,workday,23:01,06:13,45-54,hybrid,0,0
user_042,2024-01-05,71.66,3,177,18,7,16,11,4.88,77.34,0,workday,23:22,07:09,45-54,hybrid,0,0
user_042,2024-01-06,55.9,3,142,44,23,33,23,6.96,45.11,0,weekend,00:02,07:40,45-54,hybrid,0,0
user_042,2024-01-07,68.26,3,171,27,5,38,16,4.54,53.92,0,weekend,23:00,07:42,45-54,hybrid,0,0
user_042,2024-01-08,37.09,2,155,27,7,18,17,4.35,74.13,1,workday,22:46,06:48,45-54,hybrid,0,0
user_042,2024-01-09,78.1,4,215,30,18,29,7,5.51,67.27,1,workday,22:37,07:27,45-54,hybrid,0,0
user_042,2024-01-10,59.66,3,264,39,21,35,19,6.39,56.85,0,workday,23:14,06:41,45-54,hybrid,0,0
user_042,2024-01-11,74.27,3,216,60,41,41,25,6.11,49.46,0,workday,23:33,07:31,45-54,hybrid,0,0
user_042,2024-01-12,60.24,3,251,58,27,26,26,7.97,33.97,0,workday,23:15,07:02,45-54,hybrid,0,0
user_042,2024-01-13,61.52,3,225,53,26,35,22,4.03,37.34,1,weekend,23:18,07:11,45-54,hybrid,0,0
user_042,2024-01-14,71.32,3,237,51,11,42,28,4.22,51.87,1,weekend,23:42,08:03,45-54,hybrid,0,0
user_043,2024-01-01,66.9,3,278,52,32,30,25,9.13,28.3,0,workday,23:36,07:18,35-44,remote,1,0
user_043,2024-01-02,33.59,2,300,60,20,33,23,3.38,53.32,1,workday,23:47,06:39,35-44,remote,1,0
user_043,2024-01-03,59.4,3,271,55,33,33,30,5.85,41.22,0,workday,23:53,07:17,35-44,remote,1,0
user_043,2024-01-04,63.41,3,227,38,12,31,22,6.22,58.2,1,workday,22:54,07:13,35-44,remote,1,0
user_043,2024-01-05,33.02,2,268,46,12,25,22,7.58,24.65,0,workday,23:03,06:56,35-44,remote,1,0
user_043,2024-01-06,64.39,3,293,60,39,26,22,9.0,37.57,1,weekend,23:54,07:35,35-44,remote,1,0
user_043,2024-01-07,28.46,2,298,43,20,27,24,5.43,46.64,0,weekend,22:49,07:34,35-44,remote,1,0
user_043,2024-01-08,58.34,3,272,45,25,18,12,6.0,55.88,0,workday,22:54,07:08,35-44,remote,1,0
user_043,2024-01-09,29.33,2,253,60,23,36,25,8.51,49.61,1,workday,23:10,07:16,35-44,remote,1,0
user_043,2024-01-10,79.33,4,167,41,3,23,12,5.28,53.32,0,workday,23:02,07:16,35-44,remote,1,0
user_043,2024-01-11,81.41,4,199,38,17,17,18,6.32,50.23,0,workday,22:44,06:50,35-44,remote,1,0
user_043,2024-01-12,63.14,3,179,31,10,11,18,4.54,53.13,1,workday,23:18,07:37,35-44,remote,1,0
user_043,2024-01-13,90.95,4,215,32,20,17,16,2.46,68.02,0,weekend,22:21,07:44,35-44,remote,1,0
user_043,2024-01-14,85.77,4,283,53,12,38,14,5.28,36.97,0,weekend,22:27,07:17,35-44,remote,1,0
user_044,2024-01-01,41.81,2,217,56,7,36,27,9.83,37.31,1,workday,23:09,07:17,25-34,on_site,0,1
user_044,2024-01-02,40.54,2,179,23,18,7,13,5.02,72.0,0,workday,22:08,06:53,25-34,on_site,0,1
user_044,2024-01-03,41.27,2,205,27,12,39,9,3.77,66.38,0,workday,23:20,07:21,25-34,on_site,0,1
user_044,2024-01-04,0.0,1,164,50,20,40,21,8.11,48.94,1,workday,23:22,06:37,25-34,on_site,0,1
user_044,2024-01-05,24.94,1,116,24,18,28,0,3.05,63.3,1,workday,23:10,08:09,25-34,on_site,0,1
user_044,2024-01-06,46.68,2,205,46,15,36,26,0.32,68.32,0,weekend,23:26,06:42,25-34,on_site,0,1
user_044,2024-01-07,54.31,3,195,23,11,27,17,2.53,57.04,0,weekend,23:43,08:20,25-34,on_site,0,1
user_044,2024-01-08,72.31,3,156,49,15,36,10,1.26,72.55,0,workday,23:30,07:02,25-34,on_site,0,1
user_044,2024-01-09,47.33,2,209,34,22,31,8,1.83,65.75,0,workday,22:47,07:12,25-34,on_site,0,1
user_044,2024-01-10,31.14,2,183,18,8,36,7,4.1,60.55,0,workday,22:11,06:40,25-34,on_site,0,1
user_044,2024-01-11,55.53,3,217,60,15,40,24,5.51,77.14,0,workday,22:30,07:00,25-34,on_site,0,1
user_044,2024-01-12,66.85,3,173,43,33,20,24,5.34,39.34,0,workday,22:27,07:04,25-34,on_site,0,1
user_044,2024-01-13,13.43,1,156,24,3,7,13,5.85,58.73,0,weekend,23:24,07:26,25-34,on_site,0,1
user_044,2024-01-14,10.98,1,191,28,16,33,14,7.24,32.37,0,weekend,23:03,07:17,25-34,on_site,0,1
user_045,2024-01-01,41.48,2,149,37,5,24,14,4.94,51.52,0,workday,22:33,07:23,45-54,hybrid,0,0
user_045,2024-01-02,4.1,1,223,42,36,38,27,9.12,36.61,1,workday,22:56,07:22,45-54,hybrid,0,0
user_045,2024-01-03,61.78,3,195,36,12,24,13,2.16,57.63,0,workday,00:22,07:05,45-54,hybrid,0,0
user_045,2024-01-04,38.87,2,233,44,27,22,16,4.1,72.4,0,workday,22:03,07:23,45-54,hybrid,0,0
user_045,2024-01-05,38.55,2,198,39,17,25,16,4.5,57.83,1,workday,22:09,06:46,45-54,hybrid,0,0
user_045,2024-01-06,29.46,2,214,52,21,29,24,6.02,43.77,0,weekend,23:52,08:06,45-54,hybrid,0,0
user_045,2024-01-07,51.52,3,254,39,10,25,17,4.11,43.76,0,weekend,22:34,07:37,45-54,hybrid,0,0
user_045,2024-01-08,38.17,2,156,42,21,26,21,5.82,52.34,1,workday,22:18,06:14,45-54,hybrid,0,0
user_045,2024-01-09,6.13,1,261,54,14,31,23,7.65,57.58,0,workday,23:04,07:33,45-54,hybrid,0,0
user_045,2024-01-10,41.95,2,237,38,12,25,27,5.35,41.83,1,workday,22:32,06:21,45-54,hybrid,0,0
user_045,2024-01-11,33.6,2,205,47,20,26,26,5.21,53.53,0,workday,23:47,07:50,45-54,hybrid,0,0
user_045,2024-01-12,54.6,3,158,22,9,15,10,0.33,72.8,1,workday,23:15,07:28,45-54,hybrid,0,0
user_045,2024-01-13,59.88,3,184,30,8,20,19,4.5,57.59,0,weekend,23:08,07:02,45-54,hybrid,0,0
user_045,2024-01-14,34.11,2,256,34,12,24,15,3.93,54.36,0,weekend,00:03,08:12,45-54,hybrid,0,0
user_046,2024-01-01,34.75,2,221,55,23,29,26,7.52,40.1,0,workday,22:21,07:24,45-54,hybrid,1,0
user_046,2024-01-02,36.39,2,206,36,10,15,16,8.01,39.16,1,workday,22:48,05:56,45-54,hybrid,1,0
user_046,2024-01-03,30.68,2,197,35,11,37,18,7.05,40.03,1,workday,22:30,06:22,45-54,hybrid,1,0
user_046,2024-01-04,54.63,3,202,57,23,33,22,9.02,50.86,0,workday,23:10,07:05,45-54,hybrid,1,0
user_046,2024-01-05,35.72,2,200,49,19,20,17,6.85,56.03,1,workday,22:15,06:49,45-54,hybrid,1,0
user_046,2024-01-06,47.51,2,242,42,11,16,18,6.43,63.73,0,weekend,00:28,07:59,45-54,hybrid,1,0
user_046,2024-01-07,57.92,3,176,26,9,27,10,2.31,59.06,0,weekend,22:58,07:19,45-54,hybrid,1,0
user_046,2024-01-08,54.47,3,262,27,8,19,11,3.67,64.89,0,workday,23:22,06:59,45-54,hybrid,1,0
user_046,2024-01-09,55.63,3,200,51,16,39,24,5.76,51.15,0,workday,23:14,07:20,45-54,hybrid,1,0
user_046,2024-01-10,39.46,2,230,55,34,29,27,5.13,58.25,0,workday,23:16,06:57,45-54,hybrid,1,0
user_046,2024-01-11,32.2,2,242,56,20,37,20,3.65,70.82,0,workday,23:01,07:59,45-54,hybrid,1,0
user_046,2024-01-12,7.36,1,210,50,24,28,24,6.15,45.87,1,workday,22:37,06:16,45-54,hybrid,1,0
user_046,2024-01-13,45.2,2,255,46,38,25,13,4.32,48.72,0,weekend,22:58,08:13,45-54,hybrid,1,0
user_046,2024-01-14,47.94,2,283,44,21,29,23,7.13,41.33,1,weekend,22:57,08:11,45-54,hybrid,1,0
user_047,2024-01-01,71.55,3,222,43,29,28,12,3.53,45.42,1,workday,23:33,06:40,25-34,hybrid,0,0
user_047,2024-01-02,86.5,4,250,28,18,10,11,1.34,63.48,0,workday,23:09,06:56,25-34,hybrid,0,0
user_047,2024-01-03,39.07,2,270,60,43,23,27,6.29,51.44,1,workday,23:28,06:41,25-34,hybrid,0,0
user_047,2024-01-04,32.71,2,237,56,20,40,30,5.81,58.23,1,workday,23:03,06:53,25-34,hybrid,0,0
user_047,2024-01-05,56.31,3,249,37,11,35,23,7.58,52.72,1,workday,23:50,07:27,25-34,hybrid,0,0
user_047,2024-01-06,88.18,4,161,29,29,27,20,2.17,75.51,0,weekend,00:03,07:18,25-34,hybrid,0,0
user_047,2024-01-07,82.98,4,202,41,5,33,25,4.69,68.04,0,weekend,00:32,07:56,25-34,hybrid,0,0
user_047,2024-01-08,45.84,2,136,29,19,18,14,5.71,58.01,0,workday,23:15,06:53,25-34,hybrid,0,0
user_047,2024-01-09,65.67,3,213,39,27,16,16,5.47,67.41,0,workday,22:37,07:35,25-34,hybrid,0,0
user_047,2024-01-10,48.68,2,254,54,13,26,28,6.52,59.75,1,workday,22:48,06:00,25-34,hybrid,0,0
user_047,2024-01-11,51.2,3,202,53,27,26,24,6.23,54.78,0,workday,23:43,07:12,25-34,hybrid,0,0
user_047,2024-01-12,78.21,4,203,28,2,22,8,3.92,59.96,0,workday,22:12,06:54,25-34,hybrid,0,0
user_047,2024-01-13,93.9,4,224,31,2,23,10,4.63,58.06,0,weekend,23:04,08:01,25-34,hybrid,0,0
user_047,2024-01-14,81.66,4,215,41,14,30,19,2.58,70.19,0,weekend,23:51,08:24,25-34,hybrid,0,0
user_048,2024-01-01,29.07,2,187,46,13,39,5,5.66,54.77,1,workday,00:02,06:51,25-34,remote,1,1
user_048,2024-01-02,0.0,1,240,60,25,36,22,6.98,43.2,1,workday,22:50,06:47,25-34,remote,1,1
user_048,2024-01-03,62.5,3,231,46,6,21,14,4.73,48.43,1,workday,22:48,07:07,25-34,remote,1,1
user_048,2024-01-04,35.02,2,210,55,27,11,21,5.28,64.9,1,workday,23:28,07:22,25-34,remote,1,1
user_048,2024-01-05,20.44,1,270,35,20,36,23,3.74,56.13,0,workday,22:53,06:53,25-34,remote,1,1
user_048,2024-01-06,27.44,2,206,47,33,20,25,5.73,61.91,0,weekend,23:54,06:50,25-34,remote,1,1
user_048,2024-01-07,48.87,2,158,26,7,33,17,1.31,75.38,0,weekend,23:11,07:35,25-34,remote,1,1
user_048,2024-01-08,32.63,2,196,33,14,20,15,1.54,77.89,1,workday,22:47,07:25,25-34,remote,1,1
user_048,2024-01-09,18.7,1,265,48,28,35,28,5.3,51.4,0,workday,22:58,07:34,25-34,remote,1,1
user_048,2024-01-10,27.07,2,230,36,25,28,21,7.42,56.14,1,workday,22:30,06:19,25-34,remote,1,1
user_048,2024-01-11,59.24,3,224,60,5,42,23,1.46,60.92,0,workday,22:05,07:02,25-34,remote,1,1
user_048,2024-01-12,37.16,2,205,60,20,33,16,4.78,74.86,0,workday,00:01,07:24,25-34,remote,1,1
user_048,2024-01-13,61.05,3,200,7,6,12,0,1.98,82.19,0,weekend,23:30,07:38,25-34,remote,1,1
user_048,2024-01-14,48.6,2,285,44,14,31,21,2.08,79.14,0,weekend,00:24,08:39,25-34,remote,1,1
user_049,2024-01-01,62.21,3,244,54,28,35,25,6.44,46.77,0,workday,22:37,06:44,35-44,remote,1,0
user_049,2024-01-02,26.54,2,265,59,45,31,30,5.02,55.34,0,workday,23:55,07:41,35-44,remote,1,0
user_049,2024-01-03,50.79,3,210,58,25,37,28,6.29,83.19,0,workday,22:50,06:56,35-44,remote,1,0
user_049,2024-01-04,89.21,4,185,35,13,30,11,5.67,63.26,1,workday,22:20,06:58,35-44,remote,1,0
user_049,2024-01-05,43.65,2,215,34,23,36,19,5.82,54.31,1,workday,00:15,07:05,35-44,remote,1,0
user_049,2024-01-06,33.1,2,231,33,24,21,15,6.05,63.65,1,weekend,23:22,06:58,35-44,remote,1,0
user_049,2024-01-07,60.51,3,298,60,42,40,27,4.59,70.92,0,weekend,00:05,08:17,35-44,remote,1,0
user_049,2024-01-08,19.95,1,206,44,25,32,18,5.25,43.52,1,workday,23:02,07:11,35-44,remote,1,0
user_049,2024-01-09,60.5,3,172,22,7,18,23,4.89,52.05,0,workday,22:36,06:56,35-44,remote,1,0
user_049,2024-01-10,68.96,3,200,47,16,34,15,8.18,37.22,0,workday,22:22,06:48,35-44,remote,1,0
user_049,2024-01-11,27.89,2,208,56,21,32,29,6.88,82.69,0,workday,23:18,07:23,35-44,remote,1,0
user_049,2024-01-12,7.77,1,269,44,15,27,22,4.03,66.49,0,workday,22:35,07:12,35-44,remote,1,0
user_049,2024-01-13,37.23,2,215,33,16,20,11,3.17,68.75,0,weekend,23:26,07:51,35-44,remote,1,0
user_049,2024-01-14,25.72,2,252,53,50,45,18,5.49,69.09,0,weekend,23:24,08:16,35-44,remote,1,0
user_050,2024-01-01,52.34,3,196,33,15,20,13,1.96,80.09,0,workday,22:36,06:32,18-24,on_site,0,0
user_050,2024-01-02,61.57,3,203,39,13,21,17,5.55,40.11,0,workday,23:15,07:32,18-24,on_site,0,0
user_050,2024-01-03,52.37,3,195,54,19,39,15,5.97,42.0,1,workday,21:50,07:22,18-24,on_site,0,0
user_050,2024-01-04,62.2,3,204,58,37,32,24,6.82,42.5,0,workday,23:02,06:29,18-24,on_site,0,0
user_050,2024-01-05,64.84,3,267,34,6,19,11,6.22,44.18,0,workday,23:21,07:38,18-24,on_site,0,0
user_050,2024-01-06,78.44,4,170,23,3,18,5,0.0,70.43,0,weekend,21:55,06:58,18-24,on_site,0,0
user_050,2024-01-07,26.26,2,234,60,33,32,29,8.24,25.85,1,weekend,00:08,07:43,18-24,on_site,0,0
user_050,2024-01-08,59.42,3,177,37,20,26,12,2.51,71.57,1,workday,23:14,06:54,18-24,on_site,0,0
user_050,2024-01-09,32.72,2,179,51,37,37,18,8.54,52.44,0,workday,22:15,06:53,18-24,on_site,0,0
user_050,2024-01-10,66.99,3,177,29,7,29,12,5.17,42.09,1,workday,22:24,07:14,18-24,on_site,0,0
user_050,2024-01-11,31.11,2,242,38,21,20,19,6.07,37.51,1,workday,23:12,06:46,18-24,on_site,0,0
user_050,2024-01-12,44.95,2,197,38,33,27,11,5.61,60.8,0,workday,22:38,06:36,18-24,on_site,0,0
user_050,2024-01-13,21.61,1,218,60,22,39,20,5.9,36.1,0,weekend,23:22,08:01,18-24,on_site,0,0
user_050,2024-01-14,63.51,3,207,53,24,16,18,4.77,67.13,1,weekend,22:54,08:07,18-24,on_site,0,0
user_051,2024-01-01,57.8,3,276,38,7,35,20,4.07,44.14,0,workday,22:17,07:32,18-24,hybrid,1,0
user_051,2024-01-02,59.37,3,159,12,4,13,12,2.67,43.92,1,workday,22:56,07:08,18-24,hybrid,1,0
user_051,2024-01-03,40.62,2,252,46,36,35,26,10.0,35.74,1,workday,23:07,06:46,18-24,hybrid,1,0
user_051,2024-01-04,43.28,2,276,51,26,32,30,7.04,49.39,1,workday,22:44,07:20,18-24,hybrid,1,0
user_051,2024-01-05,68.46,3,223,48,14,28,25,7.53,48.69,0,workday,23:38,07:30,18-24,hybrid,1,0
user_051,2024-01-06,77.49,4,236,38,30,18,14,4.84,56.14,0,weekend,00:27,08:10,18-24,hybrid,1,0
user_051,2024-01-07,54.21,3,249,55,11,37,20,6.27,59.27,0,weekend,00:14,07:29,18-24,hybrid,1,0
user_051,2024-01-08,65.18,3,201,28,12,27,15,4.26,74.13,0,workday,22:19,08:12,18-24,hybrid,1,0
user_051,2024-01-09,72.38,3,216,43,27,33,12,5.65,53.79,0,workday,23:45,08:56,18-24,hybrid,1,0
user_051,2024-01-10,34.48,2,257,39,9,27,14,7.06,44.96,1,workday,22:37,06:21,18-24,hybrid,1,0
user_051,2024-01-11,56.89,3,161,31,23,24,13,3.46,71.11,1,workday,22:02,07:02,18-24,hybrid,1,0
user_051,2024-01-12,43.53,2,167,31,22,12,16,3.06,79.71,0,workday,23:21,06:56,18-24,hybrid,1,0
user_051,2024-01-13,60.98,3,291,42,29,19,22,5.42,60.73,0,weekend,23:08,07:21,18-24,hybrid,1,0
user_051,2024-01-14,77.88,4,218,31,5,23,14,4.27,61.99,0,weekend,23:13,07:35,18-24,hybrid,1,0
user_052,2024-01-01,28.85,2,249,53,21,23,24,9.28,49.82,1,workday,22:46,06:44,18-24,remote,0,1
user_052,2024-01-02,33.69,2,273,60,49,39,25,9.44,61.04,1,workday,00:02,06:29,18-24,remote,0,1
user_052,2024-01-03,28.29,2,214,51,33,36,19,6.45,36.44,1,workday,00:07,06:06,18-24,remote,0,1
user_052,2024-01-04,62.68,3,182,35,9,18,15,2.63,55.69,1,workday,00:17,07:21,18-24,remote,0,1
user_052,2024-01-05,21.86,1,276,57,24,38,18,9.08,61.72,0,workday,23:12,07:05,18-24,remote,0,1
user_052,2024-01-06,42.71,2,206,41,28,22,11,6.18,57.43,0,weekend,23:49,07:20,18-24,remote,0,1
user_052,2024-01-07,60.23,3,213,29,12,34,5,3.71,60.01,0,weekend,23:29,07:29,18-24,remote,0,1
user_052,2024-01-08,49.38,2,180,26,8,31,13,1.5,79.96,0,workday,23:05,06:59,18-24,remote,0,1
user_052,2024-01-09,77.26,4,222,43,8,30,30,3.86,61.41,0,workday,22:57,06:32,18-24,remote,0,1
user_052,2024-01-10,57.23,3,209,20,15,21,17,2.75,61.15,0,workday,21:35,07:19,18-24,remote,0,1
user_052,2024-01-11,52.4,3,232,27,7,34,20,4.58,41.63,0,workday,22:14,06:20,18-24,remote,0,1
user_052,2024-01-12,52.95,3,191,40,10,28,8,3.68,60.17,1,workday,23:03,07:25,18-24,remote,0,1
user_052,2024-01-13,49.62,2,241,39,15,40,8,3.76,62.97,0,weekend,23:17,07:43,18-24,remote,0,1
user_052,2024-01-14,58.5,3,258,52,22,25,26,0.59,97.54,0,weekend,23:07,07:35,18-24,remote,0,1
user_053,2024-01-01,3.14,1,266,49,36,18,20,5.42,53.22,1,workday,22:10,06:58,45-54,remote,1,0
user_053,2024-01-02,37.15,2,212,40,14,28,18,4.71,60.06,1,workday,22:53,06:52,45-54,remote,1,0
user_053,2024-01-03,47.72,2,201,33,12,34,19,3.65,57.62,1,workday,23:56,06:57,45-54,remote,1,0
user_053,2024-01-04,42.12,2,208,48,15,20,22,5.28,63.9,0,workday,00:37,07:04,45-54,remote,1,0
user_053,2024-01-05,55.54,3,190,39,22,28,19,2.96,66.16,0,workday,22:59,06:37,45-54,remote,1,0
user_053,2024-01-06,47.28,2,272,60,18,26,19,5.48,28.82,0,weekend,23:34,07:10,45-54,remote,1,0
user_053,2024-01-07,44.38,2,227,49,13,20,21,3.49,62.25,0,weekend,22:45,08:09,45-54,remote,1,0
user_053,2024-01-08,49.15,2,233,21,7,13,15,7.25,53.33,1,workday,23:12,07:30,45-54,remote,1,0
user_053,2024-01-09,37.71,2,197,38,16,38,18,6.76,78.19,1,workday,21:50,07:07,45-54,remote,1,0
user_053,2024-01-10,50.72,3,200,42,9,19,20,6.27,58.43,0,workday,23:53,05:37,45-54,remote,1,0
user_053,2024-01-11,7.55,1,229,52,18,22,20,6.88,45.83,0,workday,00:15,06:41,45-54,remote,1,0
user_053,2024-01-12,36.35,2,299,60,16,31,18,4.31,69.19,1,workday,23:01,07:20,45-54,remote,1,0
user_053,2024-01-13,63.18,3,226,33,8,29,12,2.05,59.94,0,weekend,23:23,07:05,45-54,remote,1,0
user_053,2024-01-14,46.36,2,236,57,47,35,19,4.25,50.15,0,weekend,23:26,08:02,45-54,remote,1,0
user_054,2024-01-01,11.77,1,235,43,20,27,18,5.99,59.17,1,workday,22:43,06:56,35-44,hybrid,0,0
user_054,2024-01-02,12.87,1,149,42,19,27,9,5.48,56.35,1,workday,22:46,06:44,35-44,hybrid,0,0
user_054,2024-01-03,30.44,2,255,44,12,24,17,5.08,35.76,0,workday,22:40,07:00,35-44,hybrid,0,0
user_054,2024-01-04,39.75,2,152,34,6,33,20,3.96,68.54,0,workday,22:06,07:17,35-44,hybrid,0,0
user_054,2024-01-05,0.0,1,194,50,14,48,22,7.85,54.52,1,workday,22:49,07:02,35-44,hybrid,0,0
user_054,2024-01-06,38.47,2,161,32,19,10,13,4.2,77.61,0,weekend,23:27,07:20,35-44,hybrid,0,0
user_054,2024-01-07,42.88,2,181,37,20,24,15,3.43,56.18,1,weekend,23:02,07:31,35-44,hybrid,0,0
user_054,2024-01-08,25.06,2,208,53,26,33,19,7.16,40.71,1,workday,23:46,06:48,35-44,hybrid,0,0
user_054,2024-01-09,33.62,2,179,45,24,42,18,4.24,62.06,0,workday,23:02,07:01,35-44,hybrid,0,0
user_054,2024-01-10,63.22,3,176,46,18,22,21,3.84,59.26,0,workday,22:31,07:37,35-44,hybrid,0,0
user_054,2024-01-11,13.42,1,269,26,26,17,18,4.92,59.48,0,workday,22:50,07:03,35-44,hybrid,0,0
user_054,2024-01-12,43.15,2,220,42,27,18,19,4.08,64.89,0,workday,23:04,07:34,35-44,hybrid,0,0
user_054,2024-01-13,44.39,2,232,45,17,30,23,6.27,41.6,1,weekend,23:04,07:52,35-44,hybrid,0,0
user_054,2024-01-14,16.14,1,233,45,33,26,26,4.63,69.56,0,weekend,22:45,08:04,35-44,hybrid,0,0
user_055,2024-01-01,48.39,2,227,34,9,19,16,2.02,72.06,1,workday,23:07,07:14,35-44,remote,1,0
user_055,2024-01-02,50.04,3,252,48,30,20,17,5.61,32.05,0,workday,22:42,06:34,35-44,remote,1,0
user_055,2024-01-03,48.04,2,230,45,21,38,23,6.91,63.36,1,workday,22:37,06:09,35-44,remote,1,0
user_055,2024-01-04,54.2,3,192,23,11,8,16,3.99,40.97,0,workday,22:45,06:59,35-44,remote,1,0
user_055,2024-01-05,38.17,2,199,29,25,22,16,4.12,70.56,1,workday,23:06,07:03,35-44,remote,1,0
user_055,2024-01-06,66.56,3,248,56,21,37,20,4.51,48.74,0,weekend,23:18,07:26,35-44,remote,1,0
user_055,2024-01-07,56.39,3,245,26,3,13,9,1.8,86.33,0,weekend,00:26,07:16,35-44,remote,1,0
user_055,2024-01-08,77.35,4,189,33,5,18,10,3.37,64.64,0,workday,23:17,06:47,35-44,remote,1,0
user_055,2024-01-09,33.65,2,224,34,15,30,18,5.34,62.83,0,workday,22:47,07:26,35-44,remote,1,0
user_055,2024-01-10,59.91,3,197,43,19,15,18,3.48,82.55,1,workday,23:02,07:31,35-44,remote,1,0
user_055,2024-01-11,58.98,3,180,36,12,24,21,5.2,48.4,0,workday,23:14,06:55,35-44,remote,1,0
user_055,2024-01-12,62.66,3,240,38,18,34,18,2.58,61.14,0,workday,23:00,07:30,35-44,remote,1,0
user_055,2024-01-13,41.97,2,229,45,42,22,14,3.27,68.14,0,weekend,23:12,07:21,35-44,remote,1,0
user_055,2024-01-14,54.34,3,277,45,28,36,20,5.1,75.06,0,weekend,23:21,07:02,35-44,remote,1,0
user_056,2024-01-01,68.13,3,215,46,10,33,24,5.73,55.86,0,workday,23:39,07:34,45-54,on_site,1,0
user_056,2024-01-02,30.03,2,274,57,28,33,14,6.08,59.41,0,workday,23:40,06:55,45-54,on_site,1,0
user_056,2024-01-03,58.83,3,150,41,19,20,19,4.93,89.01,0,workday,22:35,06:38,45-54,on_site,1,0
user_056,2024-01-04,27.7,2,184,44,19,41,21,6.81,67.43,1,workday,23:44,07:24,45-54,on_site,1,0
user_056,2024-01-05,36.54,2,275,54,22,31,18,6.32,53.5,0,workday,22:58,06:42,45-54,on_site,1,0
user_056,2024-01-06,50.91,3,213,41,9,32,14,4.8,50.95,0,weekend,23:20,08:24,45-54,on_site,1,0
user_056,2024-01-07,28.64,2,276,41,19,29,20,3.73,65.66,0,weekend,23:09,08:11,45-54,on_site,1,0
user_056,2024-01-08,37.85,2,176,39,27,32,14,3.36,74.2,0,workday,22:54,06:32,45-54,on_site,1,0
user_056,2024-01-09,95.15,4,183,19,7,20,9,4.31,52.14,0,workday,23:55,07:05,45-54,on_site,1,0
user_056,2024-01-10,41.0,2,186,60,34,31,15,4.14,46.22,0,workday,00:06,07:19,45-54,on_site,1,0
user_056,2024-01-11,63.18,3,216,42,19,24,28,8.48,56.0,0,workday,22:07,07:36,45-54,on_site,1,0
user_056,2024-01-12,60.66,3,187,38,18,23,13,3.76,50.0,0,workday,23:43,06:28,45-54,on_site,1,0
user_056,2024-01-13,42.39,2,194,39,13,13,23,4.28,53.06,0,weekend,00:34,08:23,45-54,on_site,1,0
user_056,2024-01-14,36.56,2,234,56,14,23,30,5.43,52.78,0,weekend,23:42,07:27,45-54,on_site,1,0
user_057,2024-01-01,38.06,2,221,44,31,37,16,3.96,61.5,1,workday,22:33,06:23,25-34,hybrid,1,0
user_057,2024-01-02,45.68,2,216,54,19,29,21,7.55,43.84,1,workday,22:14,06:57,25-34,hybrid,1,0
user_057,2024-01-03,49.12,2,141,28,23,26,11,2.95,72.35,1,workday,22:34,07:00,25-34,hybrid,1,0
user_057,2024-01-04,65.43,3,218,26,17,29,13,4.92,56.27,0,workday,22:54,07:14,25-34,hybrid,1,0
user_057,2024-01-05,44.73,2,205,45,37,25,29,7.41,48.95,0,workday,22:59,06:18,25-34,hybrid,1,0
user_057,2024-01-06,45.28,2,200,35,7,37,14,7.42,60.28,0,weekend,23:41,07:18,25-34,hybrid,1,0
user_057,2024-01-07,83.73,4,217,36,16,21,16,2.99,89.27,0,weekend,23:15,07:30,25-34,hybrid,1,0
user_057,2024-01-08,52.88,3,218,45,23,23,21,2.29,74.36,1,workday,22:48,07:33,25-34,hybrid,1,0
user_057,2024-01-09,2.97,1,173,46,38,33,14,3.89,26.76,1,workday,23:00,06:27,25-34,hybrid,1,0
user_057,2024-01-10,45.77,2,242,29,13,1,21,5.03,65.69,1,workday,22:03,07:13,25-34,hybrid,1,0
user_057,2024-01-11,74.07,3,184,27,16,18,16,4.59,59.76,0,workday,22:58,06:39,25-34,hybrid,1,0
user_057,2024-01-12,72.11,3,216,32,24,22,13,6.23,39.32,0,workday,23:00,06:50,25-34,hybrid,1,0
user_057,2024-01-13,51.27,3,206,41,15,35,21,3.89,46.75,0,weekend,23:08,07:36,25-34,hybrid,1,0
user_057,2024-01-14,37.55,2,254,40,22,21,19,5.13,61.83,0,weekend,22:44,07:55,25-34,hybrid,1,0
user_058,2024-01-01,46.63,2,213,42,18,19,14,4.57,51.17,1,workday,22:46,06:22,35-44,hybrid,0,0
user_058,2024-01-02,58.5,3,219,60,16,44,20,4.59,70.84,1,workday,22:42,06:38,35-44,hybrid,0,0
user_058,2024-01-03,37.12,2,157,37,14,27,17,4.89,64.53,1,workday,22:28,07:19,35-44,hybrid,0,0
user_058,2024-01-04,64.24,3,271,46,13,38,17,4.48,52.18,0,workday,22:27,06:52,35-44,hybrid,0,0
user_058,2024-01-05,49.03,2,224,60,6,41,17,5.59,63.91,1,workday,23:26,07:56,35-44,hybrid,0,0
user_058,2024-01-06,27.46,2,208,30,10,23,18,4.82,69.73,0,weekend,23:29,07:17,35-44,hybrid,0,0
user_058,2024-01-07,60.07,3,273,33,12,15,19,5.37,60.22,0,weekend,21:55,07:34,35-44,hybrid,0,0
user_058,2024-01-08,24.77,1,181,39,18,24,12,5.55,52.43,0,workday,23:02,07:14,35-44,hybrid,0,0
user_058,2024-01-09,37.88,2,200,57,20,46,21,8.34,47.64,1,workday,23:34,07:19,35-44,hybrid,0,0
user_058,2024-01-10,39.62,2,186,44,17,29,19,4.47,71.49,0,workday,23:34,07:08,35-44,hybrid,0,0
user_058,2024-01-11,42.63,2,210,43,20,37,19,3.9,60.07,0,workday,23:03,07:19,35-44,hybrid,0,0
user_058,2024-01-12,37.32,2,222,45,30,23,14,6.83,56.86,0,workday,22:48,06:50,35-44,hybrid,0,0
user_058,2024-01-13,32.18,2,176,31,19,31,21,5.96,80.43,0,weekend,23:20,07:33,35-44,hybrid,0,0
user_058,2024-01-14,44.01,2,277,45,15,32,24,6.7,52.17,0,weekend,23:49,07:20,35-44,hybrid,0,0
user_059,2024-01-01,58.96,3,189,22,10,15,12,2.74,57.56,0,workday,23:18,06:28,18-24,hybrid,0,0
user_059,2024-01-02,55.76,3,243,38,29,28,17,6.11,44.94,0,workday,22:11,07:15,18-24,hybrid,0,0
user_059,2024-01-03,36.57,2,221,60,44,41,22,5.48,50.73,1,workday,22:31,07:12,18-24,hybrid,0,0
user_059,2024-01-04,97.72,4,233,55,14,32,21,6.48,62.67,0,workday,23:35,06:45,18-24,hybrid,0,0
user_059,2024-01-05,61.27,3,173,38,19,25,12,4.04,77.88,1,workday,23:03,06:07,18-24,hybrid,0,0
user_059,2024-01-06,65.32,3,209,59,31,29,22,4.04,50.08,0,weekend,23:41,08:12,18-24,hybrid,0,0
user_059,2024-01-07,41.42,2,196,25,18,11,9,6.9,39.49,0,weekend,23:59,07:41,18-24,hybrid,0,0
user_059,2024-01-08,61.38,3,156,13,4,12,19,1.65,64.46,0,workday,22:48,07:05,18-24,hybrid,0,0
user_059,2024-01-09,66.56,3,261,26,10,8,18,5.46,60.43,0,workday,22:29,08:14,18-24,hybrid,0,0
user_059,2024-01-10,34.95,2,232,43,10,30,16,1.57,61.99,0,workday,23:01,06:30,18-24,hybrid,0,0
user_059,2024-01-11,28.62,2,158,21,11,22,13,5.71,35.01,0,workday,23:19,06:53,18-24,hybrid,0,0
user_059,2024-01-12,82.69,4,172,37,31,31,21,4.01,51.71,0,workday,22:42,06:52,18-24,hybrid,0,0
user_059,2024-01-13,84.47,4,207,51,26,35,28,5.28,49.63,0,weekend,23:35,08:14,18-24,hybrid,0,0
user_059,2024-01-14,77.55,4,237,46,24,28,18,5.76,60.09,0,weekend,23:34,07:13,18-24,hybrid,0,0
user_060,2024-01-01,45.15,2,223,53,21,30,22,7.15,60.84,1,workday,23:47,06:36,18-24,hybrid,0,0
user_060,2024-01-02,72.58,3,201,45,13,37,21,4.0,49.91,0,workday,23:13,06:59,18-24,hybrid,0,0
user_060,2024-01-03,27.65,2,233,41,26,29,18,5.62,33.2,1,workday,22:35,06:51,18-24,hybrid,0,0
user_060,2024-01-04,42.38,2,204,44,12,40,20,6.54,44.78,1,workday,22:59,07:45,18-24,hybrid,0,0
user_060,2024-01-05,87.73,4,210,30,14,28,17,1.28,84.84,0,workday,22:38,07:29,18-24,hybrid,0,0
user_060,2024-01-06,64.74,3,233,43,25,43,23,4.77,56.06,0,weekend,00:37,07:30,18-24,hybrid,0,0
user_060,2024-01-07,29.63,2,210,45,25,29,21,5.73,42.6,0,weekend,23:36,07:28,18-24,hybrid,0,0
user_060,2024-01-08,51.7,3,182,39,8,27,9,2.86,59.99,1,workday,22:38,07:32,18-24,hybrid,0,0
user_060,2024-01-09,62.24,3,181,57,29,45,19,3.91,60.81,0,workday,23:25,07:27,18-24,hybrid,0,0
user_060,2024-01-10,48.65,2,264,49,31,36,15,4.98,71.28,1,workday,22:48,07:34,18-24,hybrid,0,0
user_060,2024-01-11,75.43,4,246,47,8,38,21,6.07,63.8,0,workday,22:47,07:54,18-24,hybrid,0,0
user_060,2024-01-12,45.85,2,201,46,22,38,14,7.08,38.66,0,workday,23:47,06:55,18-24,hybrid,0,0
user_060,2024-01-13,89.91,4,194,23,16,21,19,5.77,49.54,0,weekend,23:06,06:48,18-24,hybrid,0,0
user_060,2024-01-14,74.47,3,178,37,29,23,22,2.42,77.03,0,weekend,22:31,07:55,18-24,hybrid,0,0
